<commonRoad timeStepSize="0.1" commonRoadVersion="2018b" author="Octavio Delgadillo" affiliation="Technical University of Munich, Germany" source="Technische Hochschule Ingolstadt" tags="urban multi_lane oncoming_traffic parallel_lanes critical" benchmarkID="RUS_Bicycle-14_1_T-1" date="2019-11-05">
  <lanelet id="3">
    <leftBound>
      <point>
        <x>0.0000</x>
        <y>21.6000</y>
      </point>
      <point>
        <x>0.4040</x>
        <y>21.6000</y>
      </point>
      <point>
        <x>0.8081</x>
        <y>21.6000</y>
      </point>
      <point>
        <x>1.2121</x>
        <y>21.6000</y>
      </point>
      <point>
        <x>1.6162</x>
        <y>21.6000</y>
      </point>
      <point>
        <x>2.0202</x>
        <y>21.6000</y>
      </point>
      <point>
        <x>2.4242</x>
        <y>21.6000</y>
      </point>
      <point>
        <x>2.8283</x>
        <y>21.6000</y>
      </point>
      <point>
        <x>3.2323</x>
        <y>21.6000</y>
      </point>
      <point>
        <x>3.6364</x>
        <y>21.6000</y>
      </point>
      <point>
        <x>4.0404</x>
        <y>21.6000</y>
      </point>
      <point>
        <x>4.4444</x>
        <y>21.6000</y>
      </point>
      <point>
        <x>4.8485</x>
        <y>21.6000</y>
      </point>
      <point>
        <x>5.2525</x>
        <y>21.6000</y>
      </point>
      <point>
        <x>5.6566</x>
        <y>21.6000</y>
      </point>
      <point>
        <x>6.0606</x>
        <y>21.6000</y>
      </point>
      <point>
        <x>6.4646</x>
        <y>21.6000</y>
      </point>
      <point>
        <x>6.8687</x>
        <y>21.6000</y>
      </point>
      <point>
        <x>7.2727</x>
        <y>21.6000</y>
      </point>
      <point>
        <x>7.6768</x>
        <y>21.6000</y>
      </point>
      <point>
        <x>8.0808</x>
        <y>21.6000</y>
      </point>
      <point>
        <x>8.4848</x>
        <y>21.6000</y>
      </point>
      <point>
        <x>8.8889</x>
        <y>21.6000</y>
      </point>
      <point>
        <x>9.2929</x>
        <y>21.6000</y>
      </point>
      <point>
        <x>9.6970</x>
        <y>21.6000</y>
      </point>
      <point>
        <x>10.1010</x>
        <y>21.6000</y>
      </point>
      <point>
        <x>10.5051</x>
        <y>21.6000</y>
      </point>
      <point>
        <x>10.9091</x>
        <y>21.6000</y>
      </point>
      <point>
        <x>11.3131</x>
        <y>21.6000</y>
      </point>
      <point>
        <x>11.7172</x>
        <y>21.6000</y>
      </point>
      <point>
        <x>12.1212</x>
        <y>21.6000</y>
      </point>
      <point>
        <x>12.5253</x>
        <y>21.6000</y>
      </point>
      <point>
        <x>12.9293</x>
        <y>21.6000</y>
      </point>
      <point>
        <x>13.3333</x>
        <y>21.6000</y>
      </point>
      <point>
        <x>13.7374</x>
        <y>21.6000</y>
      </point>
      <point>
        <x>14.1414</x>
        <y>21.6000</y>
      </point>
      <point>
        <x>14.5455</x>
        <y>21.6000</y>
      </point>
      <point>
        <x>14.9495</x>
        <y>21.6000</y>
      </point>
      <point>
        <x>15.3535</x>
        <y>21.6000</y>
      </point>
      <point>
        <x>15.7576</x>
        <y>21.6000</y>
      </point>
      <point>
        <x>16.1616</x>
        <y>21.6000</y>
      </point>
      <point>
        <x>16.5657</x>
        <y>21.6000</y>
      </point>
      <point>
        <x>16.9697</x>
        <y>21.6000</y>
      </point>
      <point>
        <x>17.3737</x>
        <y>21.6000</y>
      </point>
      <point>
        <x>17.7778</x>
        <y>21.6000</y>
      </point>
      <point>
        <x>18.1818</x>
        <y>21.6000</y>
      </point>
      <point>
        <x>18.5859</x>
        <y>21.6000</y>
      </point>
      <point>
        <x>18.9899</x>
        <y>21.6000</y>
      </point>
      <point>
        <x>19.3939</x>
        <y>21.6000</y>
      </point>
      <point>
        <x>19.7980</x>
        <y>21.6000</y>
      </point>
      <point>
        <x>20.2020</x>
        <y>21.6000</y>
      </point>
      <point>
        <x>20.6061</x>
        <y>21.6000</y>
      </point>
      <point>
        <x>21.0101</x>
        <y>21.6000</y>
      </point>
      <point>
        <x>21.4141</x>
        <y>21.6000</y>
      </point>
      <point>
        <x>21.8182</x>
        <y>21.6000</y>
      </point>
      <point>
        <x>22.2222</x>
        <y>21.6000</y>
      </point>
      <point>
        <x>22.6263</x>
        <y>21.6000</y>
      </point>
      <point>
        <x>23.0303</x>
        <y>21.6000</y>
      </point>
      <point>
        <x>23.4343</x>
        <y>21.6000</y>
      </point>
      <point>
        <x>23.8384</x>
        <y>21.6000</y>
      </point>
      <point>
        <x>24.2424</x>
        <y>21.6000</y>
      </point>
      <point>
        <x>24.6465</x>
        <y>21.6000</y>
      </point>
      <point>
        <x>25.0505</x>
        <y>21.6000</y>
      </point>
      <point>
        <x>25.4545</x>
        <y>21.6000</y>
      </point>
      <point>
        <x>25.8586</x>
        <y>21.6000</y>
      </point>
      <point>
        <x>26.2626</x>
        <y>21.6000</y>
      </point>
      <point>
        <x>26.6667</x>
        <y>21.6000</y>
      </point>
      <point>
        <x>27.0707</x>
        <y>21.6000</y>
      </point>
      <point>
        <x>27.4747</x>
        <y>21.6000</y>
      </point>
      <point>
        <x>27.8788</x>
        <y>21.6000</y>
      </point>
      <point>
        <x>28.2828</x>
        <y>21.6000</y>
      </point>
      <point>
        <x>28.6869</x>
        <y>21.6000</y>
      </point>
      <point>
        <x>29.0909</x>
        <y>21.6000</y>
      </point>
      <point>
        <x>29.4949</x>
        <y>21.6000</y>
      </point>
      <point>
        <x>29.8990</x>
        <y>21.6000</y>
      </point>
      <point>
        <x>30.3030</x>
        <y>21.6000</y>
      </point>
      <point>
        <x>30.7071</x>
        <y>21.6000</y>
      </point>
      <point>
        <x>31.1111</x>
        <y>21.6000</y>
      </point>
      <point>
        <x>31.5152</x>
        <y>21.6000</y>
      </point>
      <point>
        <x>31.9192</x>
        <y>21.6000</y>
      </point>
      <point>
        <x>32.3232</x>
        <y>21.6000</y>
      </point>
      <point>
        <x>32.7273</x>
        <y>21.6000</y>
      </point>
      <point>
        <x>33.1313</x>
        <y>21.6000</y>
      </point>
      <point>
        <x>33.5354</x>
        <y>21.6000</y>
      </point>
      <point>
        <x>33.9394</x>
        <y>21.6000</y>
      </point>
      <point>
        <x>34.3434</x>
        <y>21.6000</y>
      </point>
      <point>
        <x>34.7475</x>
        <y>21.6000</y>
      </point>
      <point>
        <x>35.1515</x>
        <y>21.6000</y>
      </point>
      <point>
        <x>35.5556</x>
        <y>21.6000</y>
      </point>
      <point>
        <x>35.9596</x>
        <y>21.6000</y>
      </point>
      <point>
        <x>36.3636</x>
        <y>21.6000</y>
      </point>
      <point>
        <x>36.7677</x>
        <y>21.6000</y>
      </point>
      <point>
        <x>37.1717</x>
        <y>21.6000</y>
      </point>
      <point>
        <x>37.5758</x>
        <y>21.6000</y>
      </point>
      <point>
        <x>37.9798</x>
        <y>21.6000</y>
      </point>
      <point>
        <x>38.3838</x>
        <y>21.6000</y>
      </point>
      <point>
        <x>38.7879</x>
        <y>21.6000</y>
      </point>
      <point>
        <x>39.1919</x>
        <y>21.6000</y>
      </point>
      <point>
        <x>39.5960</x>
        <y>21.6000</y>
      </point>
      <point>
        <x>40.0000</x>
        <y>21.6000</y>
      </point>
    </leftBound>
    <rightBound>
      <point>
        <x>0.0000</x>
        <y>18.6000</y>
      </point>
      <point>
        <x>0.4040</x>
        <y>18.6000</y>
      </point>
      <point>
        <x>0.8081</x>
        <y>18.6000</y>
      </point>
      <point>
        <x>1.2121</x>
        <y>18.6000</y>
      </point>
      <point>
        <x>1.6162</x>
        <y>18.6000</y>
      </point>
      <point>
        <x>2.0202</x>
        <y>18.6000</y>
      </point>
      <point>
        <x>2.4242</x>
        <y>18.6000</y>
      </point>
      <point>
        <x>2.8283</x>
        <y>18.6000</y>
      </point>
      <point>
        <x>3.2323</x>
        <y>18.6000</y>
      </point>
      <point>
        <x>3.6364</x>
        <y>18.6000</y>
      </point>
      <point>
        <x>4.0404</x>
        <y>18.6000</y>
      </point>
      <point>
        <x>4.4444</x>
        <y>18.6000</y>
      </point>
      <point>
        <x>4.8485</x>
        <y>18.6000</y>
      </point>
      <point>
        <x>5.2525</x>
        <y>18.6000</y>
      </point>
      <point>
        <x>5.6566</x>
        <y>18.6000</y>
      </point>
      <point>
        <x>6.0606</x>
        <y>18.6000</y>
      </point>
      <point>
        <x>6.4646</x>
        <y>18.6000</y>
      </point>
      <point>
        <x>6.8687</x>
        <y>18.6000</y>
      </point>
      <point>
        <x>7.2727</x>
        <y>18.6000</y>
      </point>
      <point>
        <x>7.6768</x>
        <y>18.6000</y>
      </point>
      <point>
        <x>8.0808</x>
        <y>18.6000</y>
      </point>
      <point>
        <x>8.4848</x>
        <y>18.6000</y>
      </point>
      <point>
        <x>8.8889</x>
        <y>18.6000</y>
      </point>
      <point>
        <x>9.2929</x>
        <y>18.6000</y>
      </point>
      <point>
        <x>9.6970</x>
        <y>18.6000</y>
      </point>
      <point>
        <x>10.1010</x>
        <y>18.6000</y>
      </point>
      <point>
        <x>10.5051</x>
        <y>18.6000</y>
      </point>
      <point>
        <x>10.9091</x>
        <y>18.6000</y>
      </point>
      <point>
        <x>11.3131</x>
        <y>18.6000</y>
      </point>
      <point>
        <x>11.7172</x>
        <y>18.6000</y>
      </point>
      <point>
        <x>12.1212</x>
        <y>18.6000</y>
      </point>
      <point>
        <x>12.5253</x>
        <y>18.6000</y>
      </point>
      <point>
        <x>12.9293</x>
        <y>18.6000</y>
      </point>
      <point>
        <x>13.3333</x>
        <y>18.6000</y>
      </point>
      <point>
        <x>13.7374</x>
        <y>18.6000</y>
      </point>
      <point>
        <x>14.1414</x>
        <y>18.6000</y>
      </point>
      <point>
        <x>14.5455</x>
        <y>18.6000</y>
      </point>
      <point>
        <x>14.9495</x>
        <y>18.6000</y>
      </point>
      <point>
        <x>15.3535</x>
        <y>18.6000</y>
      </point>
      <point>
        <x>15.7576</x>
        <y>18.6000</y>
      </point>
      <point>
        <x>16.1616</x>
        <y>18.6000</y>
      </point>
      <point>
        <x>16.5657</x>
        <y>18.6000</y>
      </point>
      <point>
        <x>16.9697</x>
        <y>18.6000</y>
      </point>
      <point>
        <x>17.3737</x>
        <y>18.6000</y>
      </point>
      <point>
        <x>17.7778</x>
        <y>18.6000</y>
      </point>
      <point>
        <x>18.1818</x>
        <y>18.6000</y>
      </point>
      <point>
        <x>18.5859</x>
        <y>18.6000</y>
      </point>
      <point>
        <x>18.9899</x>
        <y>18.6000</y>
      </point>
      <point>
        <x>19.3939</x>
        <y>18.6000</y>
      </point>
      <point>
        <x>19.7980</x>
        <y>18.6000</y>
      </point>
      <point>
        <x>20.2020</x>
        <y>18.6000</y>
      </point>
      <point>
        <x>20.6061</x>
        <y>18.6000</y>
      </point>
      <point>
        <x>21.0101</x>
        <y>18.6000</y>
      </point>
      <point>
        <x>21.4141</x>
        <y>18.6000</y>
      </point>
      <point>
        <x>21.8182</x>
        <y>18.6000</y>
      </point>
      <point>
        <x>22.2222</x>
        <y>18.6000</y>
      </point>
      <point>
        <x>22.6263</x>
        <y>18.6000</y>
      </point>
      <point>
        <x>23.0303</x>
        <y>18.6000</y>
      </point>
      <point>
        <x>23.4343</x>
        <y>18.6000</y>
      </point>
      <point>
        <x>23.8384</x>
        <y>18.6000</y>
      </point>
      <point>
        <x>24.2424</x>
        <y>18.6000</y>
      </point>
      <point>
        <x>24.6465</x>
        <y>18.6000</y>
      </point>
      <point>
        <x>25.0505</x>
        <y>18.6000</y>
      </point>
      <point>
        <x>25.4545</x>
        <y>18.6000</y>
      </point>
      <point>
        <x>25.8586</x>
        <y>18.6000</y>
      </point>
      <point>
        <x>26.2626</x>
        <y>18.6000</y>
      </point>
      <point>
        <x>26.6667</x>
        <y>18.6000</y>
      </point>
      <point>
        <x>27.0707</x>
        <y>18.6000</y>
      </point>
      <point>
        <x>27.4747</x>
        <y>18.6000</y>
      </point>
      <point>
        <x>27.8788</x>
        <y>18.6000</y>
      </point>
      <point>
        <x>28.2828</x>
        <y>18.6000</y>
      </point>
      <point>
        <x>28.6869</x>
        <y>18.6000</y>
      </point>
      <point>
        <x>29.0909</x>
        <y>18.6000</y>
      </point>
      <point>
        <x>29.4949</x>
        <y>18.6000</y>
      </point>
      <point>
        <x>29.8990</x>
        <y>18.6000</y>
      </point>
      <point>
        <x>30.3030</x>
        <y>18.6000</y>
      </point>
      <point>
        <x>30.7071</x>
        <y>18.6000</y>
      </point>
      <point>
        <x>31.1111</x>
        <y>18.6000</y>
      </point>
      <point>
        <x>31.5152</x>
        <y>18.6000</y>
      </point>
      <point>
        <x>31.9192</x>
        <y>18.6000</y>
      </point>
      <point>
        <x>32.3232</x>
        <y>18.6000</y>
      </point>
      <point>
        <x>32.7273</x>
        <y>18.6000</y>
      </point>
      <point>
        <x>33.1313</x>
        <y>18.6000</y>
      </point>
      <point>
        <x>33.5354</x>
        <y>18.6000</y>
      </point>
      <point>
        <x>33.9394</x>
        <y>18.6000</y>
      </point>
      <point>
        <x>34.3434</x>
        <y>18.6000</y>
      </point>
      <point>
        <x>34.7475</x>
        <y>18.6000</y>
      </point>
      <point>
        <x>35.1515</x>
        <y>18.6000</y>
      </point>
      <point>
        <x>35.5556</x>
        <y>18.6000</y>
      </point>
      <point>
        <x>35.9596</x>
        <y>18.6000</y>
      </point>
      <point>
        <x>36.3636</x>
        <y>18.6000</y>
      </point>
      <point>
        <x>36.7677</x>
        <y>18.6000</y>
      </point>
      <point>
        <x>37.1717</x>
        <y>18.6000</y>
      </point>
      <point>
        <x>37.5758</x>
        <y>18.6000</y>
      </point>
      <point>
        <x>37.9798</x>
        <y>18.6000</y>
      </point>
      <point>
        <x>38.3838</x>
        <y>18.6000</y>
      </point>
      <point>
        <x>38.7879</x>
        <y>18.6000</y>
      </point>
      <point>
        <x>39.1919</x>
        <y>18.6000</y>
      </point>
      <point>
        <x>39.5960</x>
        <y>18.6000</y>
      </point>
      <point>
        <x>40.0000</x>
        <y>18.6000</y>
      </point>
    </rightBound>
  </lanelet>
  <lanelet id="4">
    <leftBound>
      <point>
        <x>40.0000</x>
        <y>21.6000</y>
      </point>
      <point>
        <x>39.5960</x>
        <y>21.6000</y>
      </point>
      <point>
        <x>39.1919</x>
        <y>21.6000</y>
      </point>
      <point>
        <x>38.7879</x>
        <y>21.6000</y>
      </point>
      <point>
        <x>38.3838</x>
        <y>21.6000</y>
      </point>
      <point>
        <x>37.9798</x>
        <y>21.6000</y>
      </point>
      <point>
        <x>37.5758</x>
        <y>21.6000</y>
      </point>
      <point>
        <x>37.1717</x>
        <y>21.6000</y>
      </point>
      <point>
        <x>36.7677</x>
        <y>21.6000</y>
      </point>
      <point>
        <x>36.3636</x>
        <y>21.6000</y>
      </point>
      <point>
        <x>35.9596</x>
        <y>21.6000</y>
      </point>
      <point>
        <x>35.5556</x>
        <y>21.6000</y>
      </point>
      <point>
        <x>35.1515</x>
        <y>21.6000</y>
      </point>
      <point>
        <x>34.7475</x>
        <y>21.6000</y>
      </point>
      <point>
        <x>34.3434</x>
        <y>21.6000</y>
      </point>
      <point>
        <x>33.9394</x>
        <y>21.6000</y>
      </point>
      <point>
        <x>33.5354</x>
        <y>21.6000</y>
      </point>
      <point>
        <x>33.1313</x>
        <y>21.6000</y>
      </point>
      <point>
        <x>32.7273</x>
        <y>21.6000</y>
      </point>
      <point>
        <x>32.3232</x>
        <y>21.6000</y>
      </point>
      <point>
        <x>31.9192</x>
        <y>21.6000</y>
      </point>
      <point>
        <x>31.5152</x>
        <y>21.6000</y>
      </point>
      <point>
        <x>31.1111</x>
        <y>21.6000</y>
      </point>
      <point>
        <x>30.7071</x>
        <y>21.6000</y>
      </point>
      <point>
        <x>30.3030</x>
        <y>21.6000</y>
      </point>
      <point>
        <x>29.8990</x>
        <y>21.6000</y>
      </point>
      <point>
        <x>29.4949</x>
        <y>21.6000</y>
      </point>
      <point>
        <x>29.0909</x>
        <y>21.6000</y>
      </point>
      <point>
        <x>28.6869</x>
        <y>21.6000</y>
      </point>
      <point>
        <x>28.2828</x>
        <y>21.6000</y>
      </point>
      <point>
        <x>27.8788</x>
        <y>21.6000</y>
      </point>
      <point>
        <x>27.4747</x>
        <y>21.6000</y>
      </point>
      <point>
        <x>27.0707</x>
        <y>21.6000</y>
      </point>
      <point>
        <x>26.6667</x>
        <y>21.6000</y>
      </point>
      <point>
        <x>26.2626</x>
        <y>21.6000</y>
      </point>
      <point>
        <x>25.8586</x>
        <y>21.6000</y>
      </point>
      <point>
        <x>25.4545</x>
        <y>21.6000</y>
      </point>
      <point>
        <x>25.0505</x>
        <y>21.6000</y>
      </point>
      <point>
        <x>24.6465</x>
        <y>21.6000</y>
      </point>
      <point>
        <x>24.2424</x>
        <y>21.6000</y>
      </point>
      <point>
        <x>23.8384</x>
        <y>21.6000</y>
      </point>
      <point>
        <x>23.4343</x>
        <y>21.6000</y>
      </point>
      <point>
        <x>23.0303</x>
        <y>21.6000</y>
      </point>
      <point>
        <x>22.6263</x>
        <y>21.6000</y>
      </point>
      <point>
        <x>22.2222</x>
        <y>21.6000</y>
      </point>
      <point>
        <x>21.8182</x>
        <y>21.6000</y>
      </point>
      <point>
        <x>21.4141</x>
        <y>21.6000</y>
      </point>
      <point>
        <x>21.0101</x>
        <y>21.6000</y>
      </point>
      <point>
        <x>20.6061</x>
        <y>21.6000</y>
      </point>
      <point>
        <x>20.2020</x>
        <y>21.6000</y>
      </point>
      <point>
        <x>19.7980</x>
        <y>21.6000</y>
      </point>
      <point>
        <x>19.3939</x>
        <y>21.6000</y>
      </point>
      <point>
        <x>18.9899</x>
        <y>21.6000</y>
      </point>
      <point>
        <x>18.5859</x>
        <y>21.6000</y>
      </point>
      <point>
        <x>18.1818</x>
        <y>21.6000</y>
      </point>
      <point>
        <x>17.7778</x>
        <y>21.6000</y>
      </point>
      <point>
        <x>17.3737</x>
        <y>21.6000</y>
      </point>
      <point>
        <x>16.9697</x>
        <y>21.6000</y>
      </point>
      <point>
        <x>16.5657</x>
        <y>21.6000</y>
      </point>
      <point>
        <x>16.1616</x>
        <y>21.6000</y>
      </point>
      <point>
        <x>15.7576</x>
        <y>21.6000</y>
      </point>
      <point>
        <x>15.3535</x>
        <y>21.6000</y>
      </point>
      <point>
        <x>14.9495</x>
        <y>21.6000</y>
      </point>
      <point>
        <x>14.5455</x>
        <y>21.6000</y>
      </point>
      <point>
        <x>14.1414</x>
        <y>21.6000</y>
      </point>
      <point>
        <x>13.7374</x>
        <y>21.6000</y>
      </point>
      <point>
        <x>13.3333</x>
        <y>21.6000</y>
      </point>
      <point>
        <x>12.9293</x>
        <y>21.6000</y>
      </point>
      <point>
        <x>12.5253</x>
        <y>21.6000</y>
      </point>
      <point>
        <x>12.1212</x>
        <y>21.6000</y>
      </point>
      <point>
        <x>11.7172</x>
        <y>21.6000</y>
      </point>
      <point>
        <x>11.3131</x>
        <y>21.6000</y>
      </point>
      <point>
        <x>10.9091</x>
        <y>21.6000</y>
      </point>
      <point>
        <x>10.5051</x>
        <y>21.6000</y>
      </point>
      <point>
        <x>10.1010</x>
        <y>21.6000</y>
      </point>
      <point>
        <x>9.6970</x>
        <y>21.6000</y>
      </point>
      <point>
        <x>9.2929</x>
        <y>21.6000</y>
      </point>
      <point>
        <x>8.8889</x>
        <y>21.6000</y>
      </point>
      <point>
        <x>8.4848</x>
        <y>21.6000</y>
      </point>
      <point>
        <x>8.0808</x>
        <y>21.6000</y>
      </point>
      <point>
        <x>7.6768</x>
        <y>21.6000</y>
      </point>
      <point>
        <x>7.2727</x>
        <y>21.6000</y>
      </point>
      <point>
        <x>6.8687</x>
        <y>21.6000</y>
      </point>
      <point>
        <x>6.4646</x>
        <y>21.6000</y>
      </point>
      <point>
        <x>6.0606</x>
        <y>21.6000</y>
      </point>
      <point>
        <x>5.6566</x>
        <y>21.6000</y>
      </point>
      <point>
        <x>5.2525</x>
        <y>21.6000</y>
      </point>
      <point>
        <x>4.8485</x>
        <y>21.6000</y>
      </point>
      <point>
        <x>4.4444</x>
        <y>21.6000</y>
      </point>
      <point>
        <x>4.0404</x>
        <y>21.6000</y>
      </point>
      <point>
        <x>3.6364</x>
        <y>21.6000</y>
      </point>
      <point>
        <x>3.2323</x>
        <y>21.6000</y>
      </point>
      <point>
        <x>2.8283</x>
        <y>21.6000</y>
      </point>
      <point>
        <x>2.4242</x>
        <y>21.6000</y>
      </point>
      <point>
        <x>2.0202</x>
        <y>21.6000</y>
      </point>
      <point>
        <x>1.6162</x>
        <y>21.6000</y>
      </point>
      <point>
        <x>1.2121</x>
        <y>21.6000</y>
      </point>
      <point>
        <x>0.8081</x>
        <y>21.6000</y>
      </point>
      <point>
        <x>0.4040</x>
        <y>21.6000</y>
      </point>
      <point>
        <x>0.0000</x>
        <y>21.6000</y>
      </point>
    </leftBound>
    <rightBound>
      <point>
        <x>40.0000</x>
        <y>24.6000</y>
      </point>
      <point>
        <x>39.5960</x>
        <y>24.6000</y>
      </point>
      <point>
        <x>39.1919</x>
        <y>24.6000</y>
      </point>
      <point>
        <x>38.7879</x>
        <y>24.6000</y>
      </point>
      <point>
        <x>38.3838</x>
        <y>24.6000</y>
      </point>
      <point>
        <x>37.9798</x>
        <y>24.6000</y>
      </point>
      <point>
        <x>37.5758</x>
        <y>24.6000</y>
      </point>
      <point>
        <x>37.1717</x>
        <y>24.6000</y>
      </point>
      <point>
        <x>36.7677</x>
        <y>24.6000</y>
      </point>
      <point>
        <x>36.3636</x>
        <y>24.6000</y>
      </point>
      <point>
        <x>35.9596</x>
        <y>24.6000</y>
      </point>
      <point>
        <x>35.5556</x>
        <y>24.6000</y>
      </point>
      <point>
        <x>35.1515</x>
        <y>24.6000</y>
      </point>
      <point>
        <x>34.7475</x>
        <y>24.6000</y>
      </point>
      <point>
        <x>34.3434</x>
        <y>24.6000</y>
      </point>
      <point>
        <x>33.9394</x>
        <y>24.6000</y>
      </point>
      <point>
        <x>33.5354</x>
        <y>24.6000</y>
      </point>
      <point>
        <x>33.1313</x>
        <y>24.6000</y>
      </point>
      <point>
        <x>32.7273</x>
        <y>24.6000</y>
      </point>
      <point>
        <x>32.3232</x>
        <y>24.6000</y>
      </point>
      <point>
        <x>31.9192</x>
        <y>24.6000</y>
      </point>
      <point>
        <x>31.5152</x>
        <y>24.6000</y>
      </point>
      <point>
        <x>31.1111</x>
        <y>24.6000</y>
      </point>
      <point>
        <x>30.7071</x>
        <y>24.6000</y>
      </point>
      <point>
        <x>30.3030</x>
        <y>24.6000</y>
      </point>
      <point>
        <x>29.8990</x>
        <y>24.6000</y>
      </point>
      <point>
        <x>29.4949</x>
        <y>24.6000</y>
      </point>
      <point>
        <x>29.0909</x>
        <y>24.6000</y>
      </point>
      <point>
        <x>28.6869</x>
        <y>24.6000</y>
      </point>
      <point>
        <x>28.2828</x>
        <y>24.6000</y>
      </point>
      <point>
        <x>27.8788</x>
        <y>24.6000</y>
      </point>
      <point>
        <x>27.4747</x>
        <y>24.6000</y>
      </point>
      <point>
        <x>27.0707</x>
        <y>24.6000</y>
      </point>
      <point>
        <x>26.6667</x>
        <y>24.6000</y>
      </point>
      <point>
        <x>26.2626</x>
        <y>24.6000</y>
      </point>
      <point>
        <x>25.8586</x>
        <y>24.6000</y>
      </point>
      <point>
        <x>25.4545</x>
        <y>24.6000</y>
      </point>
      <point>
        <x>25.0505</x>
        <y>24.6000</y>
      </point>
      <point>
        <x>24.6465</x>
        <y>24.6000</y>
      </point>
      <point>
        <x>24.2424</x>
        <y>24.6000</y>
      </point>
      <point>
        <x>23.8384</x>
        <y>24.6000</y>
      </point>
      <point>
        <x>23.4343</x>
        <y>24.6000</y>
      </point>
      <point>
        <x>23.0303</x>
        <y>24.6000</y>
      </point>
      <point>
        <x>22.6263</x>
        <y>24.6000</y>
      </point>
      <point>
        <x>22.2222</x>
        <y>24.6000</y>
      </point>
      <point>
        <x>21.8182</x>
        <y>24.6000</y>
      </point>
      <point>
        <x>21.4141</x>
        <y>24.6000</y>
      </point>
      <point>
        <x>21.0101</x>
        <y>24.6000</y>
      </point>
      <point>
        <x>20.6061</x>
        <y>24.6000</y>
      </point>
      <point>
        <x>20.2020</x>
        <y>24.6000</y>
      </point>
      <point>
        <x>19.7980</x>
        <y>24.6000</y>
      </point>
      <point>
        <x>19.3939</x>
        <y>24.6000</y>
      </point>
      <point>
        <x>18.9899</x>
        <y>24.6000</y>
      </point>
      <point>
        <x>18.5859</x>
        <y>24.6000</y>
      </point>
      <point>
        <x>18.1818</x>
        <y>24.6000</y>
      </point>
      <point>
        <x>17.7778</x>
        <y>24.6000</y>
      </point>
      <point>
        <x>17.3737</x>
        <y>24.6000</y>
      </point>
      <point>
        <x>16.9697</x>
        <y>24.6000</y>
      </point>
      <point>
        <x>16.5657</x>
        <y>24.6000</y>
      </point>
      <point>
        <x>16.1616</x>
        <y>24.6000</y>
      </point>
      <point>
        <x>15.7576</x>
        <y>24.6000</y>
      </point>
      <point>
        <x>15.3535</x>
        <y>24.6000</y>
      </point>
      <point>
        <x>14.9495</x>
        <y>24.6000</y>
      </point>
      <point>
        <x>14.5455</x>
        <y>24.6000</y>
      </point>
      <point>
        <x>14.1414</x>
        <y>24.6000</y>
      </point>
      <point>
        <x>13.7374</x>
        <y>24.6000</y>
      </point>
      <point>
        <x>13.3333</x>
        <y>24.6000</y>
      </point>
      <point>
        <x>12.9293</x>
        <y>24.6000</y>
      </point>
      <point>
        <x>12.5253</x>
        <y>24.6000</y>
      </point>
      <point>
        <x>12.1212</x>
        <y>24.6000</y>
      </point>
      <point>
        <x>11.7172</x>
        <y>24.6000</y>
      </point>
      <point>
        <x>11.3131</x>
        <y>24.6000</y>
      </point>
      <point>
        <x>10.9091</x>
        <y>24.6000</y>
      </point>
      <point>
        <x>10.5051</x>
        <y>24.6000</y>
      </point>
      <point>
        <x>10.1010</x>
        <y>24.6000</y>
      </point>
      <point>
        <x>9.6970</x>
        <y>24.6000</y>
      </point>
      <point>
        <x>9.2929</x>
        <y>24.6000</y>
      </point>
      <point>
        <x>8.8889</x>
        <y>24.6000</y>
      </point>
      <point>
        <x>8.4848</x>
        <y>24.6000</y>
      </point>
      <point>
        <x>8.0808</x>
        <y>24.6000</y>
      </point>
      <point>
        <x>7.6768</x>
        <y>24.6000</y>
      </point>
      <point>
        <x>7.2727</x>
        <y>24.6000</y>
      </point>
      <point>
        <x>6.8687</x>
        <y>24.6000</y>
      </point>
      <point>
        <x>6.4646</x>
        <y>24.6000</y>
      </point>
      <point>
        <x>6.0606</x>
        <y>24.6000</y>
      </point>
      <point>
        <x>5.6566</x>
        <y>24.6000</y>
      </point>
      <point>
        <x>5.2525</x>
        <y>24.6000</y>
      </point>
      <point>
        <x>4.8485</x>
        <y>24.6000</y>
      </point>
      <point>
        <x>4.4444</x>
        <y>24.6000</y>
      </point>
      <point>
        <x>4.0404</x>
        <y>24.6000</y>
      </point>
      <point>
        <x>3.6364</x>
        <y>24.6000</y>
      </point>
      <point>
        <x>3.2323</x>
        <y>24.6000</y>
      </point>
      <point>
        <x>2.8283</x>
        <y>24.6000</y>
      </point>
      <point>
        <x>2.4242</x>
        <y>24.6000</y>
      </point>
      <point>
        <x>2.0202</x>
        <y>24.6000</y>
      </point>
      <point>
        <x>1.6162</x>
        <y>24.6000</y>
      </point>
      <point>
        <x>1.2121</x>
        <y>24.6000</y>
      </point>
      <point>
        <x>0.8081</x>
        <y>24.6000</y>
      </point>
      <point>
        <x>0.4040</x>
        <y>24.6000</y>
      </point>
      <point>
        <x>0.0000</x>
        <y>24.6000</y>
      </point>
    </rightBound>
  </lanelet>
  <lanelet id="5">
    <leftBound>
      <point>
        <x>22.0000</x>
        <y>21.6000</y>
      </point>
      <point>
        <x>22.1818</x>
        <y>21.6000</y>
      </point>
      <point>
        <x>22.3636</x>
        <y>21.6000</y>
      </point>
      <point>
        <x>22.5455</x>
        <y>21.6000</y>
      </point>
      <point>
        <x>22.7273</x>
        <y>21.6000</y>
      </point>
      <point>
        <x>22.9091</x>
        <y>21.6000</y>
      </point>
      <point>
        <x>23.0909</x>
        <y>21.6000</y>
      </point>
      <point>
        <x>23.2727</x>
        <y>21.6000</y>
      </point>
      <point>
        <x>23.4545</x>
        <y>21.6000</y>
      </point>
      <point>
        <x>23.6364</x>
        <y>21.6000</y>
      </point>
      <point>
        <x>23.8182</x>
        <y>21.6000</y>
      </point>
      <point>
        <x>24.0000</x>
        <y>21.6000</y>
      </point>
      <point>
        <x>24.1818</x>
        <y>21.6000</y>
      </point>
      <point>
        <x>24.3636</x>
        <y>21.6000</y>
      </point>
      <point>
        <x>24.5455</x>
        <y>21.6000</y>
      </point>
      <point>
        <x>24.7273</x>
        <y>21.6000</y>
      </point>
      <point>
        <x>24.9091</x>
        <y>21.6000</y>
      </point>
      <point>
        <x>25.0909</x>
        <y>21.6000</y>
      </point>
      <point>
        <x>25.2727</x>
        <y>21.6000</y>
      </point>
      <point>
        <x>25.4545</x>
        <y>21.6000</y>
      </point>
      <point>
        <x>25.6364</x>
        <y>21.6000</y>
      </point>
      <point>
        <x>25.8182</x>
        <y>21.6000</y>
      </point>
      <point>
        <x>26.0000</x>
        <y>21.6000</y>
      </point>
      <point>
        <x>26.1818</x>
        <y>21.6000</y>
      </point>
      <point>
        <x>26.3636</x>
        <y>21.6000</y>
      </point>
      <point>
        <x>26.5455</x>
        <y>21.6000</y>
      </point>
      <point>
        <x>26.7273</x>
        <y>21.6000</y>
      </point>
      <point>
        <x>26.9091</x>
        <y>21.6000</y>
      </point>
      <point>
        <x>27.0909</x>
        <y>21.6000</y>
      </point>
      <point>
        <x>27.2727</x>
        <y>21.6000</y>
      </point>
      <point>
        <x>27.4545</x>
        <y>21.6000</y>
      </point>
      <point>
        <x>27.6364</x>
        <y>21.6000</y>
      </point>
      <point>
        <x>27.8182</x>
        <y>21.6000</y>
      </point>
      <point>
        <x>28.0000</x>
        <y>21.6000</y>
      </point>
      <point>
        <x>28.1818</x>
        <y>21.6000</y>
      </point>
      <point>
        <x>28.3636</x>
        <y>21.6000</y>
      </point>
      <point>
        <x>28.5455</x>
        <y>21.6000</y>
      </point>
      <point>
        <x>28.7273</x>
        <y>21.6000</y>
      </point>
      <point>
        <x>28.9091</x>
        <y>21.6000</y>
      </point>
      <point>
        <x>29.0909</x>
        <y>21.6000</y>
      </point>
      <point>
        <x>29.2727</x>
        <y>21.6000</y>
      </point>
      <point>
        <x>29.4545</x>
        <y>21.6000</y>
      </point>
      <point>
        <x>29.6364</x>
        <y>21.6000</y>
      </point>
      <point>
        <x>29.8182</x>
        <y>21.6000</y>
      </point>
      <point>
        <x>30.0000</x>
        <y>21.6000</y>
      </point>
      <point>
        <x>30.1818</x>
        <y>21.6000</y>
      </point>
      <point>
        <x>30.3636</x>
        <y>21.6000</y>
      </point>
      <point>
        <x>30.5455</x>
        <y>21.6000</y>
      </point>
      <point>
        <x>30.7273</x>
        <y>21.6000</y>
      </point>
      <point>
        <x>30.9091</x>
        <y>21.6000</y>
      </point>
      <point>
        <x>31.0909</x>
        <y>21.6000</y>
      </point>
      <point>
        <x>31.2727</x>
        <y>21.6000</y>
      </point>
      <point>
        <x>31.4545</x>
        <y>21.6000</y>
      </point>
      <point>
        <x>31.6364</x>
        <y>21.6000</y>
      </point>
      <point>
        <x>31.8182</x>
        <y>21.6000</y>
      </point>
      <point>
        <x>32.0000</x>
        <y>21.6000</y>
      </point>
      <point>
        <x>32.1818</x>
        <y>21.6000</y>
      </point>
      <point>
        <x>32.3636</x>
        <y>21.6000</y>
      </point>
      <point>
        <x>32.5455</x>
        <y>21.6000</y>
      </point>
      <point>
        <x>32.7273</x>
        <y>21.6000</y>
      </point>
      <point>
        <x>32.9091</x>
        <y>21.6000</y>
      </point>
      <point>
        <x>33.0909</x>
        <y>21.6000</y>
      </point>
      <point>
        <x>33.2727</x>
        <y>21.6000</y>
      </point>
      <point>
        <x>33.4545</x>
        <y>21.6000</y>
      </point>
      <point>
        <x>33.6364</x>
        <y>21.6000</y>
      </point>
      <point>
        <x>33.8182</x>
        <y>21.6000</y>
      </point>
      <point>
        <x>34.0000</x>
        <y>21.6000</y>
      </point>
      <point>
        <x>34.1818</x>
        <y>21.6000</y>
      </point>
      <point>
        <x>34.3636</x>
        <y>21.6000</y>
      </point>
      <point>
        <x>34.5455</x>
        <y>21.6000</y>
      </point>
      <point>
        <x>34.7273</x>
        <y>21.6000</y>
      </point>
      <point>
        <x>34.9091</x>
        <y>21.6000</y>
      </point>
      <point>
        <x>35.0909</x>
        <y>21.6000</y>
      </point>
      <point>
        <x>35.2727</x>
        <y>21.6000</y>
      </point>
      <point>
        <x>35.4545</x>
        <y>21.6000</y>
      </point>
      <point>
        <x>35.6364</x>
        <y>21.6000</y>
      </point>
      <point>
        <x>35.8182</x>
        <y>21.6000</y>
      </point>
      <point>
        <x>36.0000</x>
        <y>21.6000</y>
      </point>
      <point>
        <x>36.1818</x>
        <y>21.6000</y>
      </point>
      <point>
        <x>36.3636</x>
        <y>21.6000</y>
      </point>
      <point>
        <x>36.5455</x>
        <y>21.6000</y>
      </point>
      <point>
        <x>36.7273</x>
        <y>21.6000</y>
      </point>
      <point>
        <x>36.9091</x>
        <y>21.6000</y>
      </point>
      <point>
        <x>37.0909</x>
        <y>21.6000</y>
      </point>
      <point>
        <x>37.2727</x>
        <y>21.6000</y>
      </point>
      <point>
        <x>37.4545</x>
        <y>21.6000</y>
      </point>
      <point>
        <x>37.6364</x>
        <y>21.6000</y>
      </point>
      <point>
        <x>37.8182</x>
        <y>21.6000</y>
      </point>
      <point>
        <x>38.0000</x>
        <y>21.6000</y>
      </point>
      <point>
        <x>38.1818</x>
        <y>21.6000</y>
      </point>
      <point>
        <x>38.3636</x>
        <y>21.6000</y>
      </point>
      <point>
        <x>38.5455</x>
        <y>21.6000</y>
      </point>
      <point>
        <x>38.7273</x>
        <y>21.6000</y>
      </point>
      <point>
        <x>38.9091</x>
        <y>21.6000</y>
      </point>
      <point>
        <x>39.0909</x>
        <y>21.6000</y>
      </point>
      <point>
        <x>39.2727</x>
        <y>21.6000</y>
      </point>
      <point>
        <x>39.4545</x>
        <y>21.6000</y>
      </point>
      <point>
        <x>39.6364</x>
        <y>21.6000</y>
      </point>
      <point>
        <x>39.8182</x>
        <y>21.6000</y>
      </point>
      <point>
        <x>40.0000</x>
        <y>21.6000</y>
      </point>
    </leftBound>
    <rightBound>
      <point>
        <x>22.0000</x>
        <y>18.6000</y>
      </point>
      <point>
        <x>22.1818</x>
        <y>18.6000</y>
      </point>
      <point>
        <x>22.3636</x>
        <y>18.6000</y>
      </point>
      <point>
        <x>22.5455</x>
        <y>18.6000</y>
      </point>
      <point>
        <x>22.7273</x>
        <y>18.6000</y>
      </point>
      <point>
        <x>22.9091</x>
        <y>18.6000</y>
      </point>
      <point>
        <x>23.0909</x>
        <y>18.6000</y>
      </point>
      <point>
        <x>23.2727</x>
        <y>18.6000</y>
      </point>
      <point>
        <x>23.4545</x>
        <y>18.6000</y>
      </point>
      <point>
        <x>23.6364</x>
        <y>18.6000</y>
      </point>
      <point>
        <x>23.8182</x>
        <y>18.6000</y>
      </point>
      <point>
        <x>24.0000</x>
        <y>18.6000</y>
      </point>
      <point>
        <x>24.1818</x>
        <y>18.6000</y>
      </point>
      <point>
        <x>24.3636</x>
        <y>18.6000</y>
      </point>
      <point>
        <x>24.5455</x>
        <y>18.6000</y>
      </point>
      <point>
        <x>24.7273</x>
        <y>18.6000</y>
      </point>
      <point>
        <x>24.9091</x>
        <y>18.6000</y>
      </point>
      <point>
        <x>25.0909</x>
        <y>18.6000</y>
      </point>
      <point>
        <x>25.2727</x>
        <y>18.6000</y>
      </point>
      <point>
        <x>25.4545</x>
        <y>18.6000</y>
      </point>
      <point>
        <x>25.6364</x>
        <y>18.6000</y>
      </point>
      <point>
        <x>25.8182</x>
        <y>18.6000</y>
      </point>
      <point>
        <x>26.0000</x>
        <y>18.6000</y>
      </point>
      <point>
        <x>26.1818</x>
        <y>18.6000</y>
      </point>
      <point>
        <x>26.3636</x>
        <y>18.6000</y>
      </point>
      <point>
        <x>26.5455</x>
        <y>18.6000</y>
      </point>
      <point>
        <x>26.7273</x>
        <y>18.6000</y>
      </point>
      <point>
        <x>26.9091</x>
        <y>18.6000</y>
      </point>
      <point>
        <x>27.0909</x>
        <y>18.6000</y>
      </point>
      <point>
        <x>27.2727</x>
        <y>18.6000</y>
      </point>
      <point>
        <x>27.4545</x>
        <y>18.6000</y>
      </point>
      <point>
        <x>27.6364</x>
        <y>18.6000</y>
      </point>
      <point>
        <x>27.8182</x>
        <y>18.6000</y>
      </point>
      <point>
        <x>28.0000</x>
        <y>18.6000</y>
      </point>
      <point>
        <x>28.1818</x>
        <y>18.6000</y>
      </point>
      <point>
        <x>28.3636</x>
        <y>18.6000</y>
      </point>
      <point>
        <x>28.5455</x>
        <y>18.6000</y>
      </point>
      <point>
        <x>28.7273</x>
        <y>18.6000</y>
      </point>
      <point>
        <x>28.9091</x>
        <y>18.6000</y>
      </point>
      <point>
        <x>29.0909</x>
        <y>18.6000</y>
      </point>
      <point>
        <x>29.2727</x>
        <y>18.6000</y>
      </point>
      <point>
        <x>29.4545</x>
        <y>18.6000</y>
      </point>
      <point>
        <x>29.6364</x>
        <y>18.6000</y>
      </point>
      <point>
        <x>29.8182</x>
        <y>18.6000</y>
      </point>
      <point>
        <x>30.0000</x>
        <y>18.6000</y>
      </point>
      <point>
        <x>30.1818</x>
        <y>18.6000</y>
      </point>
      <point>
        <x>30.3636</x>
        <y>18.6000</y>
      </point>
      <point>
        <x>30.5455</x>
        <y>18.6000</y>
      </point>
      <point>
        <x>30.7273</x>
        <y>18.6000</y>
      </point>
      <point>
        <x>30.9091</x>
        <y>18.6000</y>
      </point>
      <point>
        <x>31.0909</x>
        <y>18.6000</y>
      </point>
      <point>
        <x>31.2727</x>
        <y>18.6000</y>
      </point>
      <point>
        <x>31.4545</x>
        <y>18.6000</y>
      </point>
      <point>
        <x>31.6364</x>
        <y>18.6000</y>
      </point>
      <point>
        <x>31.8182</x>
        <y>18.6000</y>
      </point>
      <point>
        <x>32.0000</x>
        <y>18.6000</y>
      </point>
      <point>
        <x>32.1818</x>
        <y>18.6000</y>
      </point>
      <point>
        <x>32.3636</x>
        <y>18.6000</y>
      </point>
      <point>
        <x>32.5455</x>
        <y>18.6000</y>
      </point>
      <point>
        <x>32.7273</x>
        <y>18.6000</y>
      </point>
      <point>
        <x>32.9091</x>
        <y>18.6000</y>
      </point>
      <point>
        <x>33.0909</x>
        <y>18.6000</y>
      </point>
      <point>
        <x>33.2727</x>
        <y>18.6000</y>
      </point>
      <point>
        <x>33.4545</x>
        <y>18.6000</y>
      </point>
      <point>
        <x>33.6364</x>
        <y>18.6000</y>
      </point>
      <point>
        <x>33.8182</x>
        <y>18.6000</y>
      </point>
      <point>
        <x>34.0000</x>
        <y>18.6000</y>
      </point>
      <point>
        <x>34.1818</x>
        <y>18.6000</y>
      </point>
      <point>
        <x>34.3636</x>
        <y>18.6000</y>
      </point>
      <point>
        <x>34.5455</x>
        <y>18.6000</y>
      </point>
      <point>
        <x>34.7273</x>
        <y>18.6000</y>
      </point>
      <point>
        <x>34.9091</x>
        <y>18.6000</y>
      </point>
      <point>
        <x>35.0909</x>
        <y>18.6000</y>
      </point>
      <point>
        <x>35.2727</x>
        <y>18.6000</y>
      </point>
      <point>
        <x>35.4545</x>
        <y>18.6000</y>
      </point>
      <point>
        <x>35.6364</x>
        <y>18.6000</y>
      </point>
      <point>
        <x>35.8182</x>
        <y>18.6000</y>
      </point>
      <point>
        <x>36.0000</x>
        <y>18.6000</y>
      </point>
      <point>
        <x>36.1818</x>
        <y>18.6000</y>
      </point>
      <point>
        <x>36.3636</x>
        <y>18.6000</y>
      </point>
      <point>
        <x>36.5455</x>
        <y>18.6000</y>
      </point>
      <point>
        <x>36.7273</x>
        <y>18.6000</y>
      </point>
      <point>
        <x>36.9091</x>
        <y>18.6000</y>
      </point>
      <point>
        <x>37.0909</x>
        <y>18.6000</y>
      </point>
      <point>
        <x>37.2727</x>
        <y>18.6000</y>
      </point>
      <point>
        <x>37.4545</x>
        <y>18.6000</y>
      </point>
      <point>
        <x>37.6364</x>
        <y>18.6000</y>
      </point>
      <point>
        <x>37.8182</x>
        <y>18.6000</y>
      </point>
      <point>
        <x>38.0000</x>
        <y>18.6000</y>
      </point>
      <point>
        <x>38.1818</x>
        <y>18.6000</y>
      </point>
      <point>
        <x>38.3636</x>
        <y>18.6000</y>
      </point>
      <point>
        <x>38.5455</x>
        <y>18.6000</y>
      </point>
      <point>
        <x>38.7273</x>
        <y>18.6000</y>
      </point>
      <point>
        <x>38.9091</x>
        <y>18.6000</y>
      </point>
      <point>
        <x>39.0909</x>
        <y>18.6000</y>
      </point>
      <point>
        <x>39.2727</x>
        <y>18.6000</y>
      </point>
      <point>
        <x>39.4545</x>
        <y>18.6000</y>
      </point>
      <point>
        <x>39.6364</x>
        <y>18.6000</y>
      </point>
      <point>
        <x>39.8182</x>
        <y>18.6000</y>
      </point>
      <point>
        <x>40.0000</x>
        <y>18.6000</y>
      </point>
    </rightBound>
  </lanelet>
  <lanelet id="6">
    <leftBound>
      <point>
        <x>22.0000</x>
        <y>21.6000</y>
      </point>
      <point>
        <x>22.1818</x>
        <y>21.6000</y>
      </point>
      <point>
        <x>22.3636</x>
        <y>21.6000</y>
      </point>
      <point>
        <x>22.5455</x>
        <y>21.6000</y>
      </point>
      <point>
        <x>22.7273</x>
        <y>21.6000</y>
      </point>
      <point>
        <x>22.9091</x>
        <y>21.6000</y>
      </point>
      <point>
        <x>23.0909</x>
        <y>21.6000</y>
      </point>
      <point>
        <x>23.2727</x>
        <y>21.6000</y>
      </point>
      <point>
        <x>23.4545</x>
        <y>21.6000</y>
      </point>
      <point>
        <x>23.6364</x>
        <y>21.6000</y>
      </point>
      <point>
        <x>23.8182</x>
        <y>21.6000</y>
      </point>
      <point>
        <x>24.0000</x>
        <y>21.6000</y>
      </point>
      <point>
        <x>24.1818</x>
        <y>21.6000</y>
      </point>
      <point>
        <x>24.3636</x>
        <y>21.6000</y>
      </point>
      <point>
        <x>24.5455</x>
        <y>21.6000</y>
      </point>
      <point>
        <x>24.7273</x>
        <y>21.6000</y>
      </point>
      <point>
        <x>24.9091</x>
        <y>21.6000</y>
      </point>
      <point>
        <x>25.0909</x>
        <y>21.6000</y>
      </point>
      <point>
        <x>25.2727</x>
        <y>21.6000</y>
      </point>
      <point>
        <x>25.4545</x>
        <y>21.6000</y>
      </point>
      <point>
        <x>25.6364</x>
        <y>21.6000</y>
      </point>
      <point>
        <x>25.8182</x>
        <y>21.6000</y>
      </point>
      <point>
        <x>26.0000</x>
        <y>21.6000</y>
      </point>
      <point>
        <x>26.1818</x>
        <y>21.6000</y>
      </point>
      <point>
        <x>26.3636</x>
        <y>21.6000</y>
      </point>
      <point>
        <x>26.5455</x>
        <y>21.6000</y>
      </point>
      <point>
        <x>26.7273</x>
        <y>21.6000</y>
      </point>
      <point>
        <x>26.9091</x>
        <y>21.6000</y>
      </point>
      <point>
        <x>27.0909</x>
        <y>21.6000</y>
      </point>
      <point>
        <x>27.2727</x>
        <y>21.6000</y>
      </point>
      <point>
        <x>27.4545</x>
        <y>21.6000</y>
      </point>
      <point>
        <x>27.6364</x>
        <y>21.6000</y>
      </point>
      <point>
        <x>27.8182</x>
        <y>21.6000</y>
      </point>
      <point>
        <x>28.0000</x>
        <y>21.6000</y>
      </point>
      <point>
        <x>28.1818</x>
        <y>21.6000</y>
      </point>
      <point>
        <x>28.3636</x>
        <y>21.6000</y>
      </point>
      <point>
        <x>28.5455</x>
        <y>21.6000</y>
      </point>
      <point>
        <x>28.7273</x>
        <y>21.6000</y>
      </point>
      <point>
        <x>28.9091</x>
        <y>21.6000</y>
      </point>
      <point>
        <x>29.0909</x>
        <y>21.6000</y>
      </point>
      <point>
        <x>29.2727</x>
        <y>21.6000</y>
      </point>
      <point>
        <x>29.4545</x>
        <y>21.6000</y>
      </point>
      <point>
        <x>29.6364</x>
        <y>21.6000</y>
      </point>
      <point>
        <x>29.8182</x>
        <y>21.6000</y>
      </point>
      <point>
        <x>30.0000</x>
        <y>21.6000</y>
      </point>
      <point>
        <x>30.1818</x>
        <y>21.6000</y>
      </point>
      <point>
        <x>30.3636</x>
        <y>21.6000</y>
      </point>
      <point>
        <x>30.5455</x>
        <y>21.6000</y>
      </point>
      <point>
        <x>30.7273</x>
        <y>21.6000</y>
      </point>
      <point>
        <x>30.9091</x>
        <y>21.6000</y>
      </point>
      <point>
        <x>31.0909</x>
        <y>21.6000</y>
      </point>
      <point>
        <x>31.2727</x>
        <y>21.6000</y>
      </point>
      <point>
        <x>31.4545</x>
        <y>21.6000</y>
      </point>
      <point>
        <x>31.6364</x>
        <y>21.6000</y>
      </point>
      <point>
        <x>31.8182</x>
        <y>21.6000</y>
      </point>
      <point>
        <x>32.0000</x>
        <y>21.6000</y>
      </point>
      <point>
        <x>32.1818</x>
        <y>21.6000</y>
      </point>
      <point>
        <x>32.3636</x>
        <y>21.6000</y>
      </point>
      <point>
        <x>32.5455</x>
        <y>21.6000</y>
      </point>
      <point>
        <x>32.7273</x>
        <y>21.6000</y>
      </point>
      <point>
        <x>32.9091</x>
        <y>21.6000</y>
      </point>
      <point>
        <x>33.0909</x>
        <y>21.6000</y>
      </point>
      <point>
        <x>33.2727</x>
        <y>21.6000</y>
      </point>
      <point>
        <x>33.4545</x>
        <y>21.6000</y>
      </point>
      <point>
        <x>33.6364</x>
        <y>21.6000</y>
      </point>
      <point>
        <x>33.8182</x>
        <y>21.6000</y>
      </point>
      <point>
        <x>34.0000</x>
        <y>21.6000</y>
      </point>
      <point>
        <x>34.1818</x>
        <y>21.6000</y>
      </point>
      <point>
        <x>34.3636</x>
        <y>21.6000</y>
      </point>
      <point>
        <x>34.5455</x>
        <y>21.6000</y>
      </point>
      <point>
        <x>34.7273</x>
        <y>21.6000</y>
      </point>
      <point>
        <x>34.9091</x>
        <y>21.6000</y>
      </point>
      <point>
        <x>35.0909</x>
        <y>21.6000</y>
      </point>
      <point>
        <x>35.2727</x>
        <y>21.6000</y>
      </point>
      <point>
        <x>35.4545</x>
        <y>21.6000</y>
      </point>
      <point>
        <x>35.6364</x>
        <y>21.6000</y>
      </point>
      <point>
        <x>35.8182</x>
        <y>21.6000</y>
      </point>
      <point>
        <x>36.0000</x>
        <y>21.6000</y>
      </point>
      <point>
        <x>36.1818</x>
        <y>21.6000</y>
      </point>
      <point>
        <x>36.3636</x>
        <y>21.6000</y>
      </point>
      <point>
        <x>36.5455</x>
        <y>21.6000</y>
      </point>
      <point>
        <x>36.7273</x>
        <y>21.6000</y>
      </point>
      <point>
        <x>36.9091</x>
        <y>21.6000</y>
      </point>
      <point>
        <x>37.0909</x>
        <y>21.6000</y>
      </point>
      <point>
        <x>37.2727</x>
        <y>21.6000</y>
      </point>
      <point>
        <x>37.4545</x>
        <y>21.6000</y>
      </point>
      <point>
        <x>37.6364</x>
        <y>21.6000</y>
      </point>
      <point>
        <x>37.8182</x>
        <y>21.6000</y>
      </point>
      <point>
        <x>38.0000</x>
        <y>21.6000</y>
      </point>
      <point>
        <x>38.1818</x>
        <y>21.6000</y>
      </point>
      <point>
        <x>38.3636</x>
        <y>21.6000</y>
      </point>
      <point>
        <x>38.5455</x>
        <y>21.6000</y>
      </point>
      <point>
        <x>38.7273</x>
        <y>21.6000</y>
      </point>
      <point>
        <x>38.9091</x>
        <y>21.6000</y>
      </point>
      <point>
        <x>39.0909</x>
        <y>21.6000</y>
      </point>
      <point>
        <x>39.2727</x>
        <y>21.6000</y>
      </point>
      <point>
        <x>39.4545</x>
        <y>21.6000</y>
      </point>
      <point>
        <x>39.6364</x>
        <y>21.6000</y>
      </point>
      <point>
        <x>39.8182</x>
        <y>21.6000</y>
      </point>
      <point>
        <x>40.0000</x>
        <y>21.6000</y>
      </point>
    </leftBound>
    <rightBound>
      <point>
        <x>22.0000</x>
        <y>24.6000</y>
      </point>
      <point>
        <x>22.1818</x>
        <y>24.6000</y>
      </point>
      <point>
        <x>22.3636</x>
        <y>24.6000</y>
      </point>
      <point>
        <x>22.5455</x>
        <y>24.6000</y>
      </point>
      <point>
        <x>22.7273</x>
        <y>24.6000</y>
      </point>
      <point>
        <x>22.9091</x>
        <y>24.6000</y>
      </point>
      <point>
        <x>23.0909</x>
        <y>24.6000</y>
      </point>
      <point>
        <x>23.2727</x>
        <y>24.6000</y>
      </point>
      <point>
        <x>23.4545</x>
        <y>24.6000</y>
      </point>
      <point>
        <x>23.6364</x>
        <y>24.6000</y>
      </point>
      <point>
        <x>23.8182</x>
        <y>24.6000</y>
      </point>
      <point>
        <x>24.0000</x>
        <y>24.6000</y>
      </point>
      <point>
        <x>24.1818</x>
        <y>24.6000</y>
      </point>
      <point>
        <x>24.3636</x>
        <y>24.6000</y>
      </point>
      <point>
        <x>24.5455</x>
        <y>24.6000</y>
      </point>
      <point>
        <x>24.7273</x>
        <y>24.6000</y>
      </point>
      <point>
        <x>24.9091</x>
        <y>24.6000</y>
      </point>
      <point>
        <x>25.0909</x>
        <y>24.6000</y>
      </point>
      <point>
        <x>25.2727</x>
        <y>24.6000</y>
      </point>
      <point>
        <x>25.4545</x>
        <y>24.6000</y>
      </point>
      <point>
        <x>25.6364</x>
        <y>24.6000</y>
      </point>
      <point>
        <x>25.8182</x>
        <y>24.6000</y>
      </point>
      <point>
        <x>26.0000</x>
        <y>24.6000</y>
      </point>
      <point>
        <x>26.1818</x>
        <y>24.6000</y>
      </point>
      <point>
        <x>26.3636</x>
        <y>24.6000</y>
      </point>
      <point>
        <x>26.5455</x>
        <y>24.6000</y>
      </point>
      <point>
        <x>26.7273</x>
        <y>24.6000</y>
      </point>
      <point>
        <x>26.9091</x>
        <y>24.6000</y>
      </point>
      <point>
        <x>27.0909</x>
        <y>24.6000</y>
      </point>
      <point>
        <x>27.2727</x>
        <y>24.6000</y>
      </point>
      <point>
        <x>27.4545</x>
        <y>24.6000</y>
      </point>
      <point>
        <x>27.6364</x>
        <y>24.6000</y>
      </point>
      <point>
        <x>27.8182</x>
        <y>24.6000</y>
      </point>
      <point>
        <x>28.0000</x>
        <y>24.6000</y>
      </point>
      <point>
        <x>28.1818</x>
        <y>24.6000</y>
      </point>
      <point>
        <x>28.3636</x>
        <y>24.6000</y>
      </point>
      <point>
        <x>28.5455</x>
        <y>24.6000</y>
      </point>
      <point>
        <x>28.7273</x>
        <y>24.6000</y>
      </point>
      <point>
        <x>28.9091</x>
        <y>24.6000</y>
      </point>
      <point>
        <x>29.0909</x>
        <y>24.6000</y>
      </point>
      <point>
        <x>29.2727</x>
        <y>24.6000</y>
      </point>
      <point>
        <x>29.4545</x>
        <y>24.6000</y>
      </point>
      <point>
        <x>29.6364</x>
        <y>24.6000</y>
      </point>
      <point>
        <x>29.8182</x>
        <y>24.6000</y>
      </point>
      <point>
        <x>30.0000</x>
        <y>24.6000</y>
      </point>
      <point>
        <x>30.1818</x>
        <y>24.6000</y>
      </point>
      <point>
        <x>30.3636</x>
        <y>24.6000</y>
      </point>
      <point>
        <x>30.5455</x>
        <y>24.6000</y>
      </point>
      <point>
        <x>30.7273</x>
        <y>24.6000</y>
      </point>
      <point>
        <x>30.9091</x>
        <y>24.6000</y>
      </point>
      <point>
        <x>31.0909</x>
        <y>24.6000</y>
      </point>
      <point>
        <x>31.2727</x>
        <y>24.6000</y>
      </point>
      <point>
        <x>31.4545</x>
        <y>24.6000</y>
      </point>
      <point>
        <x>31.6364</x>
        <y>24.6000</y>
      </point>
      <point>
        <x>31.8182</x>
        <y>24.6000</y>
      </point>
      <point>
        <x>32.0000</x>
        <y>24.6000</y>
      </point>
      <point>
        <x>32.1818</x>
        <y>24.6000</y>
      </point>
      <point>
        <x>32.3636</x>
        <y>24.6000</y>
      </point>
      <point>
        <x>32.5455</x>
        <y>24.6000</y>
      </point>
      <point>
        <x>32.7273</x>
        <y>24.6000</y>
      </point>
      <point>
        <x>32.9091</x>
        <y>24.6000</y>
      </point>
      <point>
        <x>33.0909</x>
        <y>24.6000</y>
      </point>
      <point>
        <x>33.2727</x>
        <y>24.6000</y>
      </point>
      <point>
        <x>33.4545</x>
        <y>24.6000</y>
      </point>
      <point>
        <x>33.6364</x>
        <y>24.6000</y>
      </point>
      <point>
        <x>33.8182</x>
        <y>24.6000</y>
      </point>
      <point>
        <x>34.0000</x>
        <y>24.6000</y>
      </point>
      <point>
        <x>34.1818</x>
        <y>24.6000</y>
      </point>
      <point>
        <x>34.3636</x>
        <y>24.6000</y>
      </point>
      <point>
        <x>34.5455</x>
        <y>24.6000</y>
      </point>
      <point>
        <x>34.7273</x>
        <y>24.6000</y>
      </point>
      <point>
        <x>34.9091</x>
        <y>24.6000</y>
      </point>
      <point>
        <x>35.0909</x>
        <y>24.6000</y>
      </point>
      <point>
        <x>35.2727</x>
        <y>24.6000</y>
      </point>
      <point>
        <x>35.4545</x>
        <y>24.6000</y>
      </point>
      <point>
        <x>35.6364</x>
        <y>24.6000</y>
      </point>
      <point>
        <x>35.8182</x>
        <y>24.6000</y>
      </point>
      <point>
        <x>36.0000</x>
        <y>24.6000</y>
      </point>
      <point>
        <x>36.1818</x>
        <y>24.6000</y>
      </point>
      <point>
        <x>36.3636</x>
        <y>24.6000</y>
      </point>
      <point>
        <x>36.5455</x>
        <y>24.6000</y>
      </point>
      <point>
        <x>36.7273</x>
        <y>24.6000</y>
      </point>
      <point>
        <x>36.9091</x>
        <y>24.6000</y>
      </point>
      <point>
        <x>37.0909</x>
        <y>24.6000</y>
      </point>
      <point>
        <x>37.2727</x>
        <y>24.6000</y>
      </point>
      <point>
        <x>37.4545</x>
        <y>24.6000</y>
      </point>
      <point>
        <x>37.6364</x>
        <y>24.6000</y>
      </point>
      <point>
        <x>37.8182</x>
        <y>24.6000</y>
      </point>
      <point>
        <x>38.0000</x>
        <y>24.6000</y>
      </point>
      <point>
        <x>38.1818</x>
        <y>24.6000</y>
      </point>
      <point>
        <x>38.3636</x>
        <y>24.6000</y>
      </point>
      <point>
        <x>38.5455</x>
        <y>24.6000</y>
      </point>
      <point>
        <x>38.7273</x>
        <y>24.6000</y>
      </point>
      <point>
        <x>38.9091</x>
        <y>24.6000</y>
      </point>
      <point>
        <x>39.0909</x>
        <y>24.6000</y>
      </point>
      <point>
        <x>39.2727</x>
        <y>24.6000</y>
      </point>
      <point>
        <x>39.4545</x>
        <y>24.6000</y>
      </point>
      <point>
        <x>39.6364</x>
        <y>24.6000</y>
      </point>
      <point>
        <x>39.8182</x>
        <y>24.6000</y>
      </point>
      <point>
        <x>40.0000</x>
        <y>24.6000</y>
      </point>
    </rightBound>
  </lanelet>
  <obstacle id="1">
    <role>dynamic</role>
    <type>bicycle</type>
    <shape>
      <rectangle>
        <length>1.5</length>
        <width>1.0</width>
      </rectangle>
    </shape>
    <initialState>
      <position>
        <point>
          <x>17.7500</x>
          <y>29.0000</y>
        </point>
      </position>
      <orientation>
        <exact>-1.5708</exact>
      </orientation>
      <time>
        <exact>0</exact>
      </time>
      <velocity>
        <exact>3.0000</exact>
      </velocity>
    </initialState>
    <trajectory>
      <state>
        <position>
          <point>
            <x>17.7500</x>
            <y>28.7000</y>
          </point>
        </position>
        <orientation>
          <exact>-1.5708</exact>
        </orientation>
        <time>
          <exact>1</exact>
        </time>
        <velocity>
          <exact>3.0000</exact>
        </velocity>
      </state>
      <state>
        <position>
          <point>
            <x>17.7500</x>
            <y>28.4000</y>
          </point>
        </position>
        <orientation>
          <exact>-1.5708</exact>
        </orientation>
        <time>
          <exact>2</exact>
        </time>
        <velocity>
          <exact>3.0000</exact>
        </velocity>
      </state>
      <state>
        <position>
          <point>
            <x>17.7500</x>
            <y>28.1000</y>
          </point>
        </position>
        <orientation>
          <exact>-1.5708</exact>
        </orientation>
        <time>
          <exact>3</exact>
        </time>
        <velocity>
          <exact>3.0000</exact>
        </velocity>
      </state>
      <state>
        <position>
          <point>
            <x>17.7500</x>
            <y>27.8000</y>
          </point>
        </position>
        <orientation>
          <exact>-1.5708</exact>
        </orientation>
        <time>
          <exact>4</exact>
        </time>
        <velocity>
          <exact>3.0000</exact>
        </velocity>
      </state>
      <state>
        <position>
          <point>
            <x>17.7500</x>
            <y>27.5000</y>
          </point>
        </position>
        <orientation>
          <exact>-1.5708</exact>
        </orientation>
        <time>
          <exact>5</exact>
        </time>
        <velocity>
          <exact>3.0000</exact>
        </velocity>
      </state>
      <state>
        <position>
          <point>
            <x>17.7500</x>
            <y>27.2000</y>
          </point>
        </position>
        <orientation>
          <exact>-1.5708</exact>
        </orientation>
        <time>
          <exact>6</exact>
        </time>
        <velocity>
          <exact>3.0000</exact>
        </velocity>
      </state>
      <state>
        <position>
          <point>
            <x>17.7500</x>
            <y>26.9000</y>
          </point>
        </position>
        <orientation>
          <exact>-1.5708</exact>
        </orientation>
        <time>
          <exact>7</exact>
        </time>
        <velocity>
          <exact>3.0000</exact>
        </velocity>
      </state>
      <state>
        <position>
          <point>
            <x>17.7500</x>
            <y>26.6000</y>
          </point>
        </position>
        <orientation>
          <exact>-1.5708</exact>
        </orientation>
        <time>
          <exact>8</exact>
        </time>
        <velocity>
          <exact>3.0000</exact>
        </velocity>
      </state>
      <state>
        <position>
          <point>
            <x>17.7500</x>
            <y>26.3000</y>
          </point>
        </position>
        <orientation>
          <exact>-1.5708</exact>
        </orientation>
        <time>
          <exact>9</exact>
        </time>
        <velocity>
          <exact>3.0000</exact>
        </velocity>
      </state>
      <state>
        <position>
          <point>
            <x>17.7500</x>
            <y>26.0000</y>
          </point>
        </position>
        <orientation>
          <exact>-1.5708</exact>
        </orientation>
        <time>
          <exact>10</exact>
        </time>
        <velocity>
          <exact>3.0000</exact>
        </velocity>
      </state>
      <state>
        <position>
          <point>
            <x>17.7500</x>
            <y>25.7000</y>
          </point>
        </position>
        <orientation>
          <exact>-1.5708</exact>
        </orientation>
        <time>
          <exact>11</exact>
        </time>
        <velocity>
          <exact>3.0000</exact>
        </velocity>
      </state>
      <state>
        <position>
          <point>
            <x>17.7500</x>
            <y>25.4000</y>
          </point>
        </position>
        <orientation>
          <exact>-1.5708</exact>
        </orientation>
        <time>
          <exact>12</exact>
        </time>
        <velocity>
          <exact>3.0000</exact>
        </velocity>
      </state>
      <state>
        <position>
          <point>
            <x>17.7500</x>
            <y>25.1000</y>
          </point>
        </position>
        <orientation>
          <exact>-1.5708</exact>
        </orientation>
        <time>
          <exact>13</exact>
        </time>
        <velocity>
          <exact>3.0000</exact>
        </velocity>
      </state>
      <state>
        <position>
          <point>
            <x>17.7500</x>
            <y>24.8000</y>
          </point>
        </position>
        <orientation>
          <exact>-1.5708</exact>
        </orientation>
        <time>
          <exact>14</exact>
        </time>
        <velocity>
          <exact>3.0000</exact>
        </velocity>
      </state>
      <state>
        <position>
          <point>
            <x>17.7500</x>
            <y>24.5000</y>
          </point>
        </position>
        <orientation>
          <exact>-1.5708</exact>
        </orientation>
        <time>
          <exact>15</exact>
        </time>
        <velocity>
          <exact>3.0000</exact>
        </velocity>
      </state>
      <state>
        <position>
          <point>
            <x>17.7500</x>
            <y>24.2000</y>
          </point>
        </position>
        <orientation>
          <exact>-1.5708</exact>
        </orientation>
        <time>
          <exact>16</exact>
        </time>
        <velocity>
          <exact>3.0000</exact>
        </velocity>
      </state>
      <state>
        <position>
          <point>
            <x>17.7500</x>
            <y>23.9000</y>
          </point>
        </position>
        <orientation>
          <exact>-1.5708</exact>
        </orientation>
        <time>
          <exact>17</exact>
        </time>
        <velocity>
          <exact>3.0000</exact>
        </velocity>
      </state>
      <state>
        <position>
          <point>
            <x>17.7500</x>
            <y>23.6000</y>
          </point>
        </position>
        <orientation>
          <exact>-1.5708</exact>
        </orientation>
        <time>
          <exact>18</exact>
        </time>
        <velocity>
          <exact>3.0000</exact>
        </velocity>
      </state>
      <state>
        <position>
          <point>
            <x>17.7500</x>
            <y>23.3000</y>
          </point>
        </position>
        <orientation>
          <exact>-1.5708</exact>
        </orientation>
        <time>
          <exact>19</exact>
        </time>
        <velocity>
          <exact>3.0000</exact>
        </velocity>
      </state>
      <state>
        <position>
          <point>
            <x>17.7500</x>
            <y>23.0000</y>
          </point>
        </position>
        <orientation>
          <exact>-1.5708</exact>
        </orientation>
        <time>
          <exact>20</exact>
        </time>
        <velocity>
          <exact>3.0000</exact>
        </velocity>
      </state>
      <state>
        <position>
          <point>
            <x>17.7500</x>
            <y>22.7000</y>
          </point>
        </position>
        <orientation>
          <exact>-1.5708</exact>
        </orientation>
        <time>
          <exact>21</exact>
        </time>
        <velocity>
          <exact>3.0000</exact>
        </velocity>
      </state>
      <state>
        <position>
          <point>
            <x>17.7500</x>
            <y>22.4000</y>
          </point>
        </position>
        <orientation>
          <exact>-1.5708</exact>
        </orientation>
        <time>
          <exact>22</exact>
        </time>
        <velocity>
          <exact>3.0000</exact>
        </velocity>
      </state>
      <state>
        <position>
          <point>
            <x>17.7500</x>
            <y>22.1000</y>
          </point>
        </position>
        <orientation>
          <exact>-1.5708</exact>
        </orientation>
        <time>
          <exact>23</exact>
        </time>
        <velocity>
          <exact>3.0000</exact>
        </velocity>
      </state>
      <state>
        <position>
          <point>
            <x>17.7500</x>
            <y>21.8000</y>
          </point>
        </position>
        <orientation>
          <exact>-1.5708</exact>
        </orientation>
        <time>
          <exact>24</exact>
        </time>
        <velocity>
          <exact>3.0000</exact>
        </velocity>
      </state>
      <state>
        <position>
          <point>
            <x>17.7500</x>
            <y>21.5000</y>
          </point>
        </position>
        <orientation>
          <exact>-1.5708</exact>
        </orientation>
        <time>
          <exact>25</exact>
        </time>
        <velocity>
          <exact>3.0000</exact>
        </velocity>
      </state>
      <state>
        <position>
          <point>
            <x>17.7500</x>
            <y>21.2000</y>
          </point>
        </position>
        <orientation>
          <exact>-1.5708</exact>
        </orientation>
        <time>
          <exact>26</exact>
        </time>
        <velocity>
          <exact>3.0000</exact>
        </velocity>
      </state>
      <state>
        <position>
          <point>
            <x>17.7500</x>
            <y>20.9000</y>
          </point>
        </position>
        <orientation>
          <exact>-1.5708</exact>
        </orientation>
        <time>
          <exact>27</exact>
        </time>
        <velocity>
          <exact>3.0000</exact>
        </velocity>
      </state>
      <state>
        <position>
          <point>
            <x>17.7500</x>
            <y>20.6000</y>
          </point>
        </position>
        <orientation>
          <exact>-1.5708</exact>
        </orientation>
        <time>
          <exact>28</exact>
        </time>
        <velocity>
          <exact>3.0000</exact>
        </velocity>
      </state>
      <state>
        <position>
          <point>
            <x>17.7500</x>
            <y>20.3000</y>
          </point>
        </position>
        <orientation>
          <exact>-1.5708</exact>
        </orientation>
        <time>
          <exact>29</exact>
        </time>
        <velocity>
          <exact>3.0000</exact>
        </velocity>
      </state>
      <state>
        <position>
          <point>
            <x>17.7500</x>
            <y>20.0000</y>
          </point>
        </position>
        <orientation>
          <exact>-1.5708</exact>
        </orientation>
        <time>
          <exact>30</exact>
        </time>
        <velocity>
          <exact>3.0000</exact>
        </velocity>
      </state>
    </trajectory>
  </obstacle>
  <obstacle id="2">
    <role>dynamic</role>
    <type>car</type>
    <shape>
      <rectangle>
        <length>2.8</length>
        <width>1.6</width>
      </rectangle>
    </shape>
    <initialState>
      <position>
        <point>
          <x>27.0000</x>
          <y>23.0000</y>
        </point>
      </position>
      <orientation>
        <exact>-3.1416</exact>
      </orientation>
      <time>
        <exact>0</exact>
      </time>
      <velocity>
        <exact>4.5000</exact>
      </velocity>
    </initialState>
    <trajectory>
      <state>
        <position>
          <point>
            <x>26.5976</x>
            <y>23.0012</y>
          </point>
        </position>
        <orientation>
          <exact>-3.1439</exact>
        </orientation>
        <time>
          <exact>1</exact>
        </time>
        <velocity>
          <exact>3.6405</exact>
        </velocity>
      </state>
      <state>
        <position>
          <point>
            <x>26.2895</x>
            <y>23.0023</y>
          </point>
        </position>
        <orientation>
          <exact>-3.1466</exact>
        </orientation>
        <time>
          <exact>2</exact>
        </time>
        <velocity>
          <exact>2.7163</exact>
        </velocity>
      </state>
      <state>
        <position>
          <point>
            <x>26.0710</x>
            <y>23.0030</y>
          </point>
        </position>
        <orientation>
          <exact>-3.1488</exact>
        </orientation>
        <time>
          <exact>3</exact>
        </time>
        <velocity>
          <exact>1.8356</exact>
        </velocity>
      </state>
      <state>
        <position>
          <point>
            <x>25.9391</x>
            <y>23.0031</y>
          </point>
        </position>
        <orientation>
          <exact>-3.1506</exact>
        </orientation>
        <time>
          <exact>4</exact>
        </time>
        <velocity>
          <exact>0.9773</exact>
        </velocity>
      </state>
      <state>
        <position>
          <point>
            <x>25.8427</x>
            <y>23.0053</y>
          </point>
        </position>
        <orientation>
          <exact>-3.1511</exact>
        </orientation>
        <time>
          <exact>5</exact>
        </time>
        <velocity>
          <exact>0.9440</exact>
        </velocity>
      </state>
      <state>
        <position>
          <point>
            <x>25.7533</x>
            <y>23.0045</y>
          </point>
        </position>
        <orientation>
          <exact>-3.1515</exact>
        </orientation>
        <time>
          <exact>6</exact>
        </time>
        <velocity>
          <exact>0.8652</exact>
        </velocity>
      </state>
      <state>
        <position>
          <point>
            <x>25.6700</x>
            <y>23.0071</y>
          </point>
        </position>
        <orientation>
          <exact>-3.1516</exact>
        </orientation>
        <time>
          <exact>7</exact>
        </time>
        <velocity>
          <exact>0.8310</exact>
        </velocity>
      </state>
      <state>
        <position>
          <point>
            <x>25.5869</x>
            <y>23.0079</y>
          </point>
        </position>
        <orientation>
          <exact>-3.1516</exact>
        </orientation>
        <time>
          <exact>8</exact>
        </time>
        <velocity>
          <exact>0.8309</exact>
        </velocity>
      </state>
      <state>
        <position>
          <point>
            <x>25.5038</x>
            <y>23.0087</y>
          </point>
        </position>
        <orientation>
          <exact>-3.1516</exact>
        </orientation>
        <time>
          <exact>9</exact>
        </time>
        <velocity>
          <exact>0.8309</exact>
        </velocity>
      </state>
      <state>
        <position>
          <point>
            <x>25.4207</x>
            <y>23.0096</y>
          </point>
        </position>
        <orientation>
          <exact>-3.1516</exact>
        </orientation>
        <time>
          <exact>10</exact>
        </time>
        <velocity>
          <exact>0.8308</exact>
        </velocity>
      </state>
      <state>
        <position>
          <point>
            <x>25.3377</x>
            <y>23.0104</y>
          </point>
        </position>
        <orientation>
          <exact>-3.1516</exact>
        </orientation>
        <time>
          <exact>11</exact>
        </time>
        <velocity>
          <exact>0.8308</exact>
        </velocity>
      </state>
      <state>
        <position>
          <point>
            <x>25.2546</x>
            <y>23.0112</y>
          </point>
        </position>
        <orientation>
          <exact>-3.1516</exact>
        </orientation>
        <time>
          <exact>12</exact>
        </time>
        <velocity>
          <exact>0.8307</exact>
        </velocity>
      </state>
      <state>
        <position>
          <point>
            <x>25.1715</x>
            <y>23.0120</y>
          </point>
        </position>
        <orientation>
          <exact>-3.1516</exact>
        </orientation>
        <time>
          <exact>13</exact>
        </time>
        <velocity>
          <exact>0.8307</exact>
        </velocity>
      </state>
      <state>
        <position>
          <point>
            <x>25.0885</x>
            <y>23.0129</y>
          </point>
        </position>
        <orientation>
          <exact>-3.1516</exact>
        </orientation>
        <time>
          <exact>14</exact>
        </time>
        <velocity>
          <exact>0.8306</exact>
        </velocity>
      </state>
      <state>
        <position>
          <point>
            <x>25.0054</x>
            <y>23.0137</y>
          </point>
        </position>
        <orientation>
          <exact>-3.1516</exact>
        </orientation>
        <time>
          <exact>15</exact>
        </time>
        <velocity>
          <exact>0.8306</exact>
        </velocity>
      </state>
      <state>
        <position>
          <point>
            <x>24.9224</x>
            <y>23.0145</y>
          </point>
        </position>
        <orientation>
          <exact>-3.1516</exact>
        </orientation>
        <time>
          <exact>16</exact>
        </time>
        <velocity>
          <exact>0.8306</exact>
        </velocity>
      </state>
      <state>
        <position>
          <point>
            <x>24.8393</x>
            <y>23.0153</y>
          </point>
        </position>
        <orientation>
          <exact>-3.1516</exact>
        </orientation>
        <time>
          <exact>17</exact>
        </time>
        <velocity>
          <exact>0.8306</exact>
        </velocity>
      </state>
      <state>
        <position>
          <point>
            <x>24.7563</x>
            <y>23.0162</y>
          </point>
        </position>
        <orientation>
          <exact>-3.1516</exact>
        </orientation>
        <time>
          <exact>18</exact>
        </time>
        <velocity>
          <exact>0.8305</exact>
        </velocity>
      </state>
      <state>
        <position>
          <point>
            <x>24.6732</x>
            <y>23.0170</y>
          </point>
        </position>
        <orientation>
          <exact>-3.1516</exact>
        </orientation>
        <time>
          <exact>19</exact>
        </time>
        <velocity>
          <exact>0.8305</exact>
        </velocity>
      </state>
      <state>
        <position>
          <point>
            <x>24.5902</x>
            <y>23.0178</y>
          </point>
        </position>
        <orientation>
          <exact>-3.1516</exact>
        </orientation>
        <time>
          <exact>20</exact>
        </time>
        <velocity>
          <exact>0.8305</exact>
        </velocity>
      </state>
      <state>
        <position>
          <point>
            <x>24.5071</x>
            <y>23.0187</y>
          </point>
        </position>
        <orientation>
          <exact>-3.1516</exact>
        </orientation>
        <time>
          <exact>21</exact>
        </time>
        <velocity>
          <exact>0.8305</exact>
        </velocity>
      </state>
      <state>
        <position>
          <point>
            <x>24.4241</x>
            <y>23.0195</y>
          </point>
        </position>
        <orientation>
          <exact>-3.1516</exact>
        </orientation>
        <time>
          <exact>22</exact>
        </time>
        <velocity>
          <exact>0.8305</exact>
        </velocity>
      </state>
      <state>
        <position>
          <point>
            <x>24.3410</x>
            <y>23.0203</y>
          </point>
        </position>
        <orientation>
          <exact>-3.1516</exact>
        </orientation>
        <time>
          <exact>23</exact>
        </time>
        <velocity>
          <exact>0.8305</exact>
        </velocity>
      </state>
      <state>
        <position>
          <point>
            <x>24.2580</x>
            <y>23.0211</y>
          </point>
        </position>
        <orientation>
          <exact>-3.1516</exact>
        </orientation>
        <time>
          <exact>24</exact>
        </time>
        <velocity>
          <exact>0.8305</exact>
        </velocity>
      </state>
      <state>
        <position>
          <point>
            <x>24.1750</x>
            <y>23.0220</y>
          </point>
        </position>
        <orientation>
          <exact>-3.1516</exact>
        </orientation>
        <time>
          <exact>25</exact>
        </time>
        <velocity>
          <exact>0.8305</exact>
        </velocity>
      </state>
      <state>
        <position>
          <point>
            <x>24.0919</x>
            <y>23.0228</y>
          </point>
        </position>
        <orientation>
          <exact>-3.1516</exact>
        </orientation>
        <time>
          <exact>26</exact>
        </time>
        <velocity>
          <exact>0.8305</exact>
        </velocity>
      </state>
      <state>
        <position>
          <point>
            <x>24.0089</x>
            <y>23.0236</y>
          </point>
        </position>
        <orientation>
          <exact>-3.1516</exact>
        </orientation>
        <time>
          <exact>27</exact>
        </time>
        <velocity>
          <exact>0.8305</exact>
        </velocity>
      </state>
      <state>
        <position>
          <point>
            <x>23.9258</x>
            <y>23.0244</y>
          </point>
        </position>
        <orientation>
          <exact>-3.1516</exact>
        </orientation>
        <time>
          <exact>28</exact>
        </time>
        <velocity>
          <exact>0.8305</exact>
        </velocity>
      </state>
      <state>
        <position>
          <point>
            <x>23.8428</x>
            <y>23.0253</y>
          </point>
        </position>
        <orientation>
          <exact>-3.1516</exact>
        </orientation>
        <time>
          <exact>29</exact>
        </time>
        <velocity>
          <exact>0.8305</exact>
        </velocity>
      </state>
      <state>
        <position>
          <point>
            <x>23.7598</x>
            <y>23.0261</y>
          </point>
        </position>
        <orientation>
          <exact>-3.1516</exact>
        </orientation>
        <time>
          <exact>30</exact>
        </time>
        <velocity>
          <exact>0.8305</exact>
        </velocity>
      </state>
    </trajectory>
  </obstacle>
  <planningProblem id="7">
    <initialState>
      <position>
        <point>
          <x>2.5000</x>
          <y>20.0000</y>
        </point>
      </position>
      <orientation>
        <exact>0.0000</exact>
      </orientation>
      <time>
        <exact>0</exact>
      </time>
      <velocity>
        <exact>9.2000</exact>
      </velocity>
      <yawRate>
        <exact>-0.0153</exact>
      </yawRate>
      <slipAngle>
        <exact>0.0000</exact>
      </slipAngle>
    </initialState>
    <goalState>
      <position>
        <rectangle>
          <length>20</length>
          <width>3</width>
          <orientation>0.0</orientation>
          <center>
            <x>20.0</x>
            <y>20.0</y>
          </center>
        </rectangle>
      </position>
      <orientation>
        <intervalStart>-0.3927</intervalStart>
        <intervalEnd>0.3927</intervalEnd>
      </orientation>
      <time>
        <intervalStart>20</intervalStart>
        <intervalEnd>31</intervalEnd>
      </time>
      <velocity>
        <intervalStart>5.0000</intervalStart>
        <intervalEnd>15.0000</intervalEnd>
      </velocity>
    </goalState>
  </planningProblem>
</commonRoad>
