<commonRoad timeStepSize="0.1" commonRoadVersion="2018b" author="Octavio Delgadillo" affiliation="Technical University of Munich, Germany" source="Technische Hochschule Ingolstadt" tags="urban multi_lane oncoming_traffic parallel_lanes critical" benchmarkID="RUS_Bicycle-5_1_T-1" date="2019-11-05">
  <lanelet id="3">
    <leftBound>
      <point>
        <x>0.0000</x>
        <y>18.6000</y>
      </point>
      <point>
        <x>0.4040</x>
        <y>18.6000</y>
      </point>
      <point>
        <x>0.8081</x>
        <y>18.6000</y>
      </point>
      <point>
        <x>1.2121</x>
        <y>18.6000</y>
      </point>
      <point>
        <x>1.6162</x>
        <y>18.6000</y>
      </point>
      <point>
        <x>2.0202</x>
        <y>18.6000</y>
      </point>
      <point>
        <x>2.4242</x>
        <y>18.6000</y>
      </point>
      <point>
        <x>2.8283</x>
        <y>18.6000</y>
      </point>
      <point>
        <x>3.2323</x>
        <y>18.6000</y>
      </point>
      <point>
        <x>3.6364</x>
        <y>18.6000</y>
      </point>
      <point>
        <x>4.0404</x>
        <y>18.6000</y>
      </point>
      <point>
        <x>4.4444</x>
        <y>18.6000</y>
      </point>
      <point>
        <x>4.8485</x>
        <y>18.6000</y>
      </point>
      <point>
        <x>5.2525</x>
        <y>18.6000</y>
      </point>
      <point>
        <x>5.6566</x>
        <y>18.6000</y>
      </point>
      <point>
        <x>6.0606</x>
        <y>18.6000</y>
      </point>
      <point>
        <x>6.4646</x>
        <y>18.6000</y>
      </point>
      <point>
        <x>6.8687</x>
        <y>18.6000</y>
      </point>
      <point>
        <x>7.2727</x>
        <y>18.6000</y>
      </point>
      <point>
        <x>7.6768</x>
        <y>18.6000</y>
      </point>
      <point>
        <x>8.0808</x>
        <y>18.6000</y>
      </point>
      <point>
        <x>8.4848</x>
        <y>18.6000</y>
      </point>
      <point>
        <x>8.8889</x>
        <y>18.6000</y>
      </point>
      <point>
        <x>9.2929</x>
        <y>18.6000</y>
      </point>
      <point>
        <x>9.6970</x>
        <y>18.6000</y>
      </point>
      <point>
        <x>10.1010</x>
        <y>18.6000</y>
      </point>
      <point>
        <x>10.5051</x>
        <y>18.6000</y>
      </point>
      <point>
        <x>10.9091</x>
        <y>18.6000</y>
      </point>
      <point>
        <x>11.3131</x>
        <y>18.6000</y>
      </point>
      <point>
        <x>11.7172</x>
        <y>18.6000</y>
      </point>
      <point>
        <x>12.1212</x>
        <y>18.6000</y>
      </point>
      <point>
        <x>12.5253</x>
        <y>18.6000</y>
      </point>
      <point>
        <x>12.9293</x>
        <y>18.6000</y>
      </point>
      <point>
        <x>13.3333</x>
        <y>18.6000</y>
      </point>
      <point>
        <x>13.7374</x>
        <y>18.6000</y>
      </point>
      <point>
        <x>14.1414</x>
        <y>18.6000</y>
      </point>
      <point>
        <x>14.5455</x>
        <y>18.6000</y>
      </point>
      <point>
        <x>14.9495</x>
        <y>18.6000</y>
      </point>
      <point>
        <x>15.3535</x>
        <y>18.6000</y>
      </point>
      <point>
        <x>15.7576</x>
        <y>18.6000</y>
      </point>
      <point>
        <x>16.1616</x>
        <y>18.6000</y>
      </point>
      <point>
        <x>16.5657</x>
        <y>18.6000</y>
      </point>
      <point>
        <x>16.9697</x>
        <y>18.6000</y>
      </point>
      <point>
        <x>17.3737</x>
        <y>18.6000</y>
      </point>
      <point>
        <x>17.7778</x>
        <y>18.6000</y>
      </point>
      <point>
        <x>18.1818</x>
        <y>18.6000</y>
      </point>
      <point>
        <x>18.5859</x>
        <y>18.6000</y>
      </point>
      <point>
        <x>18.9899</x>
        <y>18.6000</y>
      </point>
      <point>
        <x>19.3939</x>
        <y>18.6000</y>
      </point>
      <point>
        <x>19.7980</x>
        <y>18.6000</y>
      </point>
      <point>
        <x>20.2020</x>
        <y>18.6000</y>
      </point>
      <point>
        <x>20.6061</x>
        <y>18.6000</y>
      </point>
      <point>
        <x>21.0101</x>
        <y>18.6000</y>
      </point>
      <point>
        <x>21.4141</x>
        <y>18.6000</y>
      </point>
      <point>
        <x>21.8182</x>
        <y>18.6000</y>
      </point>
      <point>
        <x>22.2222</x>
        <y>18.6000</y>
      </point>
      <point>
        <x>22.6263</x>
        <y>18.6000</y>
      </point>
      <point>
        <x>23.0303</x>
        <y>18.6000</y>
      </point>
      <point>
        <x>23.4343</x>
        <y>18.6000</y>
      </point>
      <point>
        <x>23.8384</x>
        <y>18.6000</y>
      </point>
      <point>
        <x>24.2424</x>
        <y>18.6000</y>
      </point>
      <point>
        <x>24.6465</x>
        <y>18.6000</y>
      </point>
      <point>
        <x>25.0505</x>
        <y>18.6000</y>
      </point>
      <point>
        <x>25.4545</x>
        <y>18.6000</y>
      </point>
      <point>
        <x>25.8586</x>
        <y>18.6000</y>
      </point>
      <point>
        <x>26.2626</x>
        <y>18.6000</y>
      </point>
      <point>
        <x>26.6667</x>
        <y>18.6000</y>
      </point>
      <point>
        <x>27.0707</x>
        <y>18.6000</y>
      </point>
      <point>
        <x>27.4747</x>
        <y>18.6000</y>
      </point>
      <point>
        <x>27.8788</x>
        <y>18.6000</y>
      </point>
      <point>
        <x>28.2828</x>
        <y>18.6000</y>
      </point>
      <point>
        <x>28.6869</x>
        <y>18.6000</y>
      </point>
      <point>
        <x>29.0909</x>
        <y>18.6000</y>
      </point>
      <point>
        <x>29.4949</x>
        <y>18.6000</y>
      </point>
      <point>
        <x>29.8990</x>
        <y>18.6000</y>
      </point>
      <point>
        <x>30.3030</x>
        <y>18.6000</y>
      </point>
      <point>
        <x>30.7071</x>
        <y>18.6000</y>
      </point>
      <point>
        <x>31.1111</x>
        <y>18.6000</y>
      </point>
      <point>
        <x>31.5152</x>
        <y>18.6000</y>
      </point>
      <point>
        <x>31.9192</x>
        <y>18.6000</y>
      </point>
      <point>
        <x>32.3232</x>
        <y>18.6000</y>
      </point>
      <point>
        <x>32.7273</x>
        <y>18.6000</y>
      </point>
      <point>
        <x>33.1313</x>
        <y>18.6000</y>
      </point>
      <point>
        <x>33.5354</x>
        <y>18.6000</y>
      </point>
      <point>
        <x>33.9394</x>
        <y>18.6000</y>
      </point>
      <point>
        <x>34.3434</x>
        <y>18.6000</y>
      </point>
      <point>
        <x>34.7475</x>
        <y>18.6000</y>
      </point>
      <point>
        <x>35.1515</x>
        <y>18.6000</y>
      </point>
      <point>
        <x>35.5556</x>
        <y>18.6000</y>
      </point>
      <point>
        <x>35.9596</x>
        <y>18.6000</y>
      </point>
      <point>
        <x>36.3636</x>
        <y>18.6000</y>
      </point>
      <point>
        <x>36.7677</x>
        <y>18.6000</y>
      </point>
      <point>
        <x>37.1717</x>
        <y>18.6000</y>
      </point>
      <point>
        <x>37.5758</x>
        <y>18.6000</y>
      </point>
      <point>
        <x>37.9798</x>
        <y>18.6000</y>
      </point>
      <point>
        <x>38.3838</x>
        <y>18.6000</y>
      </point>
      <point>
        <x>38.7879</x>
        <y>18.6000</y>
      </point>
      <point>
        <x>39.1919</x>
        <y>18.6000</y>
      </point>
      <point>
        <x>39.5960</x>
        <y>18.6000</y>
      </point>
      <point>
        <x>40.0000</x>
        <y>18.6000</y>
      </point>
    </leftBound>
    <rightBound>
      <point>
        <x>0.0000</x>
        <y>15.6000</y>
      </point>
      <point>
        <x>0.4040</x>
        <y>15.6000</y>
      </point>
      <point>
        <x>0.8081</x>
        <y>15.6000</y>
      </point>
      <point>
        <x>1.2121</x>
        <y>15.6000</y>
      </point>
      <point>
        <x>1.6162</x>
        <y>15.6000</y>
      </point>
      <point>
        <x>2.0202</x>
        <y>15.6000</y>
      </point>
      <point>
        <x>2.4242</x>
        <y>15.6000</y>
      </point>
      <point>
        <x>2.8283</x>
        <y>15.6000</y>
      </point>
      <point>
        <x>3.2323</x>
        <y>15.6000</y>
      </point>
      <point>
        <x>3.6364</x>
        <y>15.6000</y>
      </point>
      <point>
        <x>4.0404</x>
        <y>15.6000</y>
      </point>
      <point>
        <x>4.4444</x>
        <y>15.6000</y>
      </point>
      <point>
        <x>4.8485</x>
        <y>15.6000</y>
      </point>
      <point>
        <x>5.2525</x>
        <y>15.6000</y>
      </point>
      <point>
        <x>5.6566</x>
        <y>15.6000</y>
      </point>
      <point>
        <x>6.0606</x>
        <y>15.6000</y>
      </point>
      <point>
        <x>6.4646</x>
        <y>15.6000</y>
      </point>
      <point>
        <x>6.8687</x>
        <y>15.6000</y>
      </point>
      <point>
        <x>7.2727</x>
        <y>15.6000</y>
      </point>
      <point>
        <x>7.6768</x>
        <y>15.6000</y>
      </point>
      <point>
        <x>8.0808</x>
        <y>15.6000</y>
      </point>
      <point>
        <x>8.4848</x>
        <y>15.6000</y>
      </point>
      <point>
        <x>8.8889</x>
        <y>15.6000</y>
      </point>
      <point>
        <x>9.2929</x>
        <y>15.6000</y>
      </point>
      <point>
        <x>9.6970</x>
        <y>15.6000</y>
      </point>
      <point>
        <x>10.1010</x>
        <y>15.6000</y>
      </point>
      <point>
        <x>10.5051</x>
        <y>15.6000</y>
      </point>
      <point>
        <x>10.9091</x>
        <y>15.6000</y>
      </point>
      <point>
        <x>11.3131</x>
        <y>15.6000</y>
      </point>
      <point>
        <x>11.7172</x>
        <y>15.6000</y>
      </point>
      <point>
        <x>12.1212</x>
        <y>15.6000</y>
      </point>
      <point>
        <x>12.5253</x>
        <y>15.6000</y>
      </point>
      <point>
        <x>12.9293</x>
        <y>15.6000</y>
      </point>
      <point>
        <x>13.3333</x>
        <y>15.6000</y>
      </point>
      <point>
        <x>13.7374</x>
        <y>15.6000</y>
      </point>
      <point>
        <x>14.1414</x>
        <y>15.6000</y>
      </point>
      <point>
        <x>14.5455</x>
        <y>15.6000</y>
      </point>
      <point>
        <x>14.9495</x>
        <y>15.6000</y>
      </point>
      <point>
        <x>15.3535</x>
        <y>15.6000</y>
      </point>
      <point>
        <x>15.7576</x>
        <y>15.6000</y>
      </point>
      <point>
        <x>16.1616</x>
        <y>15.6000</y>
      </point>
      <point>
        <x>16.5657</x>
        <y>15.6000</y>
      </point>
      <point>
        <x>16.9697</x>
        <y>15.6000</y>
      </point>
      <point>
        <x>17.3737</x>
        <y>15.6000</y>
      </point>
      <point>
        <x>17.7778</x>
        <y>15.6000</y>
      </point>
      <point>
        <x>18.1818</x>
        <y>15.6000</y>
      </point>
      <point>
        <x>18.5859</x>
        <y>15.6000</y>
      </point>
      <point>
        <x>18.9899</x>
        <y>15.6000</y>
      </point>
      <point>
        <x>19.3939</x>
        <y>15.6000</y>
      </point>
      <point>
        <x>19.7980</x>
        <y>15.6000</y>
      </point>
      <point>
        <x>20.2020</x>
        <y>15.6000</y>
      </point>
      <point>
        <x>20.6061</x>
        <y>15.6000</y>
      </point>
      <point>
        <x>21.0101</x>
        <y>15.6000</y>
      </point>
      <point>
        <x>21.4141</x>
        <y>15.6000</y>
      </point>
      <point>
        <x>21.8182</x>
        <y>15.6000</y>
      </point>
      <point>
        <x>22.2222</x>
        <y>15.6000</y>
      </point>
      <point>
        <x>22.6263</x>
        <y>15.6000</y>
      </point>
      <point>
        <x>23.0303</x>
        <y>15.6000</y>
      </point>
      <point>
        <x>23.4343</x>
        <y>15.6000</y>
      </point>
      <point>
        <x>23.8384</x>
        <y>15.6000</y>
      </point>
      <point>
        <x>24.2424</x>
        <y>15.6000</y>
      </point>
      <point>
        <x>24.6465</x>
        <y>15.6000</y>
      </point>
      <point>
        <x>25.0505</x>
        <y>15.6000</y>
      </point>
      <point>
        <x>25.4545</x>
        <y>15.6000</y>
      </point>
      <point>
        <x>25.8586</x>
        <y>15.6000</y>
      </point>
      <point>
        <x>26.2626</x>
        <y>15.6000</y>
      </point>
      <point>
        <x>26.6667</x>
        <y>15.6000</y>
      </point>
      <point>
        <x>27.0707</x>
        <y>15.6000</y>
      </point>
      <point>
        <x>27.4747</x>
        <y>15.6000</y>
      </point>
      <point>
        <x>27.8788</x>
        <y>15.6000</y>
      </point>
      <point>
        <x>28.2828</x>
        <y>15.6000</y>
      </point>
      <point>
        <x>28.6869</x>
        <y>15.6000</y>
      </point>
      <point>
        <x>29.0909</x>
        <y>15.6000</y>
      </point>
      <point>
        <x>29.4949</x>
        <y>15.6000</y>
      </point>
      <point>
        <x>29.8990</x>
        <y>15.6000</y>
      </point>
      <point>
        <x>30.3030</x>
        <y>15.6000</y>
      </point>
      <point>
        <x>30.7071</x>
        <y>15.6000</y>
      </point>
      <point>
        <x>31.1111</x>
        <y>15.6000</y>
      </point>
      <point>
        <x>31.5152</x>
        <y>15.6000</y>
      </point>
      <point>
        <x>31.9192</x>
        <y>15.6000</y>
      </point>
      <point>
        <x>32.3232</x>
        <y>15.6000</y>
      </point>
      <point>
        <x>32.7273</x>
        <y>15.6000</y>
      </point>
      <point>
        <x>33.1313</x>
        <y>15.6000</y>
      </point>
      <point>
        <x>33.5354</x>
        <y>15.6000</y>
      </point>
      <point>
        <x>33.9394</x>
        <y>15.6000</y>
      </point>
      <point>
        <x>34.3434</x>
        <y>15.6000</y>
      </point>
      <point>
        <x>34.7475</x>
        <y>15.6000</y>
      </point>
      <point>
        <x>35.1515</x>
        <y>15.6000</y>
      </point>
      <point>
        <x>35.5556</x>
        <y>15.6000</y>
      </point>
      <point>
        <x>35.9596</x>
        <y>15.6000</y>
      </point>
      <point>
        <x>36.3636</x>
        <y>15.6000</y>
      </point>
      <point>
        <x>36.7677</x>
        <y>15.6000</y>
      </point>
      <point>
        <x>37.1717</x>
        <y>15.6000</y>
      </point>
      <point>
        <x>37.5758</x>
        <y>15.6000</y>
      </point>
      <point>
        <x>37.9798</x>
        <y>15.6000</y>
      </point>
      <point>
        <x>38.3838</x>
        <y>15.6000</y>
      </point>
      <point>
        <x>38.7879</x>
        <y>15.6000</y>
      </point>
      <point>
        <x>39.1919</x>
        <y>15.6000</y>
      </point>
      <point>
        <x>39.5960</x>
        <y>15.6000</y>
      </point>
      <point>
        <x>40.0000</x>
        <y>15.6000</y>
      </point>
    </rightBound>
  </lanelet>
  <lanelet id="4">
    <leftBound>
      <point>
        <x>0.0000</x>
        <y>21.6000</y>
      </point>
      <point>
        <x>0.4040</x>
        <y>21.6000</y>
      </point>
      <point>
        <x>0.8081</x>
        <y>21.6000</y>
      </point>
      <point>
        <x>1.2121</x>
        <y>21.6000</y>
      </point>
      <point>
        <x>1.6162</x>
        <y>21.6000</y>
      </point>
      <point>
        <x>2.0202</x>
        <y>21.6000</y>
      </point>
      <point>
        <x>2.4242</x>
        <y>21.6000</y>
      </point>
      <point>
        <x>2.8283</x>
        <y>21.6000</y>
      </point>
      <point>
        <x>3.2323</x>
        <y>21.6000</y>
      </point>
      <point>
        <x>3.6364</x>
        <y>21.6000</y>
      </point>
      <point>
        <x>4.0404</x>
        <y>21.6000</y>
      </point>
      <point>
        <x>4.4444</x>
        <y>21.6000</y>
      </point>
      <point>
        <x>4.8485</x>
        <y>21.6000</y>
      </point>
      <point>
        <x>5.2525</x>
        <y>21.6000</y>
      </point>
      <point>
        <x>5.6566</x>
        <y>21.6000</y>
      </point>
      <point>
        <x>6.0606</x>
        <y>21.6000</y>
      </point>
      <point>
        <x>6.4646</x>
        <y>21.6000</y>
      </point>
      <point>
        <x>6.8687</x>
        <y>21.6000</y>
      </point>
      <point>
        <x>7.2727</x>
        <y>21.6000</y>
      </point>
      <point>
        <x>7.6768</x>
        <y>21.6000</y>
      </point>
      <point>
        <x>8.0808</x>
        <y>21.6000</y>
      </point>
      <point>
        <x>8.4848</x>
        <y>21.6000</y>
      </point>
      <point>
        <x>8.8889</x>
        <y>21.6000</y>
      </point>
      <point>
        <x>9.2929</x>
        <y>21.6000</y>
      </point>
      <point>
        <x>9.6970</x>
        <y>21.6000</y>
      </point>
      <point>
        <x>10.1010</x>
        <y>21.6000</y>
      </point>
      <point>
        <x>10.5051</x>
        <y>21.6000</y>
      </point>
      <point>
        <x>10.9091</x>
        <y>21.6000</y>
      </point>
      <point>
        <x>11.3131</x>
        <y>21.6000</y>
      </point>
      <point>
        <x>11.7172</x>
        <y>21.6000</y>
      </point>
      <point>
        <x>12.1212</x>
        <y>21.6000</y>
      </point>
      <point>
        <x>12.5253</x>
        <y>21.6000</y>
      </point>
      <point>
        <x>12.9293</x>
        <y>21.6000</y>
      </point>
      <point>
        <x>13.3333</x>
        <y>21.6000</y>
      </point>
      <point>
        <x>13.7374</x>
        <y>21.6000</y>
      </point>
      <point>
        <x>14.1414</x>
        <y>21.6000</y>
      </point>
      <point>
        <x>14.5455</x>
        <y>21.6000</y>
      </point>
      <point>
        <x>14.9495</x>
        <y>21.6000</y>
      </point>
      <point>
        <x>15.3535</x>
        <y>21.6000</y>
      </point>
      <point>
        <x>15.7576</x>
        <y>21.6000</y>
      </point>
      <point>
        <x>16.1616</x>
        <y>21.6000</y>
      </point>
      <point>
        <x>16.5657</x>
        <y>21.6000</y>
      </point>
      <point>
        <x>16.9697</x>
        <y>21.6000</y>
      </point>
      <point>
        <x>17.3737</x>
        <y>21.6000</y>
      </point>
      <point>
        <x>17.7778</x>
        <y>21.6000</y>
      </point>
      <point>
        <x>18.1818</x>
        <y>21.6000</y>
      </point>
      <point>
        <x>18.5859</x>
        <y>21.6000</y>
      </point>
      <point>
        <x>18.9899</x>
        <y>21.6000</y>
      </point>
      <point>
        <x>19.3939</x>
        <y>21.6000</y>
      </point>
      <point>
        <x>19.7980</x>
        <y>21.6000</y>
      </point>
      <point>
        <x>20.2020</x>
        <y>21.6000</y>
      </point>
      <point>
        <x>20.6061</x>
        <y>21.6000</y>
      </point>
      <point>
        <x>21.0101</x>
        <y>21.6000</y>
      </point>
      <point>
        <x>21.4141</x>
        <y>21.6000</y>
      </point>
      <point>
        <x>21.8182</x>
        <y>21.6000</y>
      </point>
      <point>
        <x>22.2222</x>
        <y>21.6000</y>
      </point>
      <point>
        <x>22.6263</x>
        <y>21.6000</y>
      </point>
      <point>
        <x>23.0303</x>
        <y>21.6000</y>
      </point>
      <point>
        <x>23.4343</x>
        <y>21.6000</y>
      </point>
      <point>
        <x>23.8384</x>
        <y>21.6000</y>
      </point>
      <point>
        <x>24.2424</x>
        <y>21.6000</y>
      </point>
      <point>
        <x>24.6465</x>
        <y>21.6000</y>
      </point>
      <point>
        <x>25.0505</x>
        <y>21.6000</y>
      </point>
      <point>
        <x>25.4545</x>
        <y>21.6000</y>
      </point>
      <point>
        <x>25.8586</x>
        <y>21.6000</y>
      </point>
      <point>
        <x>26.2626</x>
        <y>21.6000</y>
      </point>
      <point>
        <x>26.6667</x>
        <y>21.6000</y>
      </point>
      <point>
        <x>27.0707</x>
        <y>21.6000</y>
      </point>
      <point>
        <x>27.4747</x>
        <y>21.6000</y>
      </point>
      <point>
        <x>27.8788</x>
        <y>21.6000</y>
      </point>
      <point>
        <x>28.2828</x>
        <y>21.6000</y>
      </point>
      <point>
        <x>28.6869</x>
        <y>21.6000</y>
      </point>
      <point>
        <x>29.0909</x>
        <y>21.6000</y>
      </point>
      <point>
        <x>29.4949</x>
        <y>21.6000</y>
      </point>
      <point>
        <x>29.8990</x>
        <y>21.6000</y>
      </point>
      <point>
        <x>30.3030</x>
        <y>21.6000</y>
      </point>
      <point>
        <x>30.7071</x>
        <y>21.6000</y>
      </point>
      <point>
        <x>31.1111</x>
        <y>21.6000</y>
      </point>
      <point>
        <x>31.5152</x>
        <y>21.6000</y>
      </point>
      <point>
        <x>31.9192</x>
        <y>21.6000</y>
      </point>
      <point>
        <x>32.3232</x>
        <y>21.6000</y>
      </point>
      <point>
        <x>32.7273</x>
        <y>21.6000</y>
      </point>
      <point>
        <x>33.1313</x>
        <y>21.6000</y>
      </point>
      <point>
        <x>33.5354</x>
        <y>21.6000</y>
      </point>
      <point>
        <x>33.9394</x>
        <y>21.6000</y>
      </point>
      <point>
        <x>34.3434</x>
        <y>21.6000</y>
      </point>
      <point>
        <x>34.7475</x>
        <y>21.6000</y>
      </point>
      <point>
        <x>35.1515</x>
        <y>21.6000</y>
      </point>
      <point>
        <x>35.5556</x>
        <y>21.6000</y>
      </point>
      <point>
        <x>35.9596</x>
        <y>21.6000</y>
      </point>
      <point>
        <x>36.3636</x>
        <y>21.6000</y>
      </point>
      <point>
        <x>36.7677</x>
        <y>21.6000</y>
      </point>
      <point>
        <x>37.1717</x>
        <y>21.6000</y>
      </point>
      <point>
        <x>37.5758</x>
        <y>21.6000</y>
      </point>
      <point>
        <x>37.9798</x>
        <y>21.6000</y>
      </point>
      <point>
        <x>38.3838</x>
        <y>21.6000</y>
      </point>
      <point>
        <x>38.7879</x>
        <y>21.6000</y>
      </point>
      <point>
        <x>39.1919</x>
        <y>21.6000</y>
      </point>
      <point>
        <x>39.5960</x>
        <y>21.6000</y>
      </point>
      <point>
        <x>40.0000</x>
        <y>21.6000</y>
      </point>
    </leftBound>
    <rightBound>
      <point>
        <x>0.0000</x>
        <y>18.6000</y>
      </point>
      <point>
        <x>0.4040</x>
        <y>18.6000</y>
      </point>
      <point>
        <x>0.8081</x>
        <y>18.6000</y>
      </point>
      <point>
        <x>1.2121</x>
        <y>18.6000</y>
      </point>
      <point>
        <x>1.6162</x>
        <y>18.6000</y>
      </point>
      <point>
        <x>2.0202</x>
        <y>18.6000</y>
      </point>
      <point>
        <x>2.4242</x>
        <y>18.6000</y>
      </point>
      <point>
        <x>2.8283</x>
        <y>18.6000</y>
      </point>
      <point>
        <x>3.2323</x>
        <y>18.6000</y>
      </point>
      <point>
        <x>3.6364</x>
        <y>18.6000</y>
      </point>
      <point>
        <x>4.0404</x>
        <y>18.6000</y>
      </point>
      <point>
        <x>4.4444</x>
        <y>18.6000</y>
      </point>
      <point>
        <x>4.8485</x>
        <y>18.6000</y>
      </point>
      <point>
        <x>5.2525</x>
        <y>18.6000</y>
      </point>
      <point>
        <x>5.6566</x>
        <y>18.6000</y>
      </point>
      <point>
        <x>6.0606</x>
        <y>18.6000</y>
      </point>
      <point>
        <x>6.4646</x>
        <y>18.6000</y>
      </point>
      <point>
        <x>6.8687</x>
        <y>18.6000</y>
      </point>
      <point>
        <x>7.2727</x>
        <y>18.6000</y>
      </point>
      <point>
        <x>7.6768</x>
        <y>18.6000</y>
      </point>
      <point>
        <x>8.0808</x>
        <y>18.6000</y>
      </point>
      <point>
        <x>8.4848</x>
        <y>18.6000</y>
      </point>
      <point>
        <x>8.8889</x>
        <y>18.6000</y>
      </point>
      <point>
        <x>9.2929</x>
        <y>18.6000</y>
      </point>
      <point>
        <x>9.6970</x>
        <y>18.6000</y>
      </point>
      <point>
        <x>10.1010</x>
        <y>18.6000</y>
      </point>
      <point>
        <x>10.5051</x>
        <y>18.6000</y>
      </point>
      <point>
        <x>10.9091</x>
        <y>18.6000</y>
      </point>
      <point>
        <x>11.3131</x>
        <y>18.6000</y>
      </point>
      <point>
        <x>11.7172</x>
        <y>18.6000</y>
      </point>
      <point>
        <x>12.1212</x>
        <y>18.6000</y>
      </point>
      <point>
        <x>12.5253</x>
        <y>18.6000</y>
      </point>
      <point>
        <x>12.9293</x>
        <y>18.6000</y>
      </point>
      <point>
        <x>13.3333</x>
        <y>18.6000</y>
      </point>
      <point>
        <x>13.7374</x>
        <y>18.6000</y>
      </point>
      <point>
        <x>14.1414</x>
        <y>18.6000</y>
      </point>
      <point>
        <x>14.5455</x>
        <y>18.6000</y>
      </point>
      <point>
        <x>14.9495</x>
        <y>18.6000</y>
      </point>
      <point>
        <x>15.3535</x>
        <y>18.6000</y>
      </point>
      <point>
        <x>15.7576</x>
        <y>18.6000</y>
      </point>
      <point>
        <x>16.1616</x>
        <y>18.6000</y>
      </point>
      <point>
        <x>16.5657</x>
        <y>18.6000</y>
      </point>
      <point>
        <x>16.9697</x>
        <y>18.6000</y>
      </point>
      <point>
        <x>17.3737</x>
        <y>18.6000</y>
      </point>
      <point>
        <x>17.7778</x>
        <y>18.6000</y>
      </point>
      <point>
        <x>18.1818</x>
        <y>18.6000</y>
      </point>
      <point>
        <x>18.5859</x>
        <y>18.6000</y>
      </point>
      <point>
        <x>18.9899</x>
        <y>18.6000</y>
      </point>
      <point>
        <x>19.3939</x>
        <y>18.6000</y>
      </point>
      <point>
        <x>19.7980</x>
        <y>18.6000</y>
      </point>
      <point>
        <x>20.2020</x>
        <y>18.6000</y>
      </point>
      <point>
        <x>20.6061</x>
        <y>18.6000</y>
      </point>
      <point>
        <x>21.0101</x>
        <y>18.6000</y>
      </point>
      <point>
        <x>21.4141</x>
        <y>18.6000</y>
      </point>
      <point>
        <x>21.8182</x>
        <y>18.6000</y>
      </point>
      <point>
        <x>22.2222</x>
        <y>18.6000</y>
      </point>
      <point>
        <x>22.6263</x>
        <y>18.6000</y>
      </point>
      <point>
        <x>23.0303</x>
        <y>18.6000</y>
      </point>
      <point>
        <x>23.4343</x>
        <y>18.6000</y>
      </point>
      <point>
        <x>23.8384</x>
        <y>18.6000</y>
      </point>
      <point>
        <x>24.2424</x>
        <y>18.6000</y>
      </point>
      <point>
        <x>24.6465</x>
        <y>18.6000</y>
      </point>
      <point>
        <x>25.0505</x>
        <y>18.6000</y>
      </point>
      <point>
        <x>25.4545</x>
        <y>18.6000</y>
      </point>
      <point>
        <x>25.8586</x>
        <y>18.6000</y>
      </point>
      <point>
        <x>26.2626</x>
        <y>18.6000</y>
      </point>
      <point>
        <x>26.6667</x>
        <y>18.6000</y>
      </point>
      <point>
        <x>27.0707</x>
        <y>18.6000</y>
      </point>
      <point>
        <x>27.4747</x>
        <y>18.6000</y>
      </point>
      <point>
        <x>27.8788</x>
        <y>18.6000</y>
      </point>
      <point>
        <x>28.2828</x>
        <y>18.6000</y>
      </point>
      <point>
        <x>28.6869</x>
        <y>18.6000</y>
      </point>
      <point>
        <x>29.0909</x>
        <y>18.6000</y>
      </point>
      <point>
        <x>29.4949</x>
        <y>18.6000</y>
      </point>
      <point>
        <x>29.8990</x>
        <y>18.6000</y>
      </point>
      <point>
        <x>30.3030</x>
        <y>18.6000</y>
      </point>
      <point>
        <x>30.7071</x>
        <y>18.6000</y>
      </point>
      <point>
        <x>31.1111</x>
        <y>18.6000</y>
      </point>
      <point>
        <x>31.5152</x>
        <y>18.6000</y>
      </point>
      <point>
        <x>31.9192</x>
        <y>18.6000</y>
      </point>
      <point>
        <x>32.3232</x>
        <y>18.6000</y>
      </point>
      <point>
        <x>32.7273</x>
        <y>18.6000</y>
      </point>
      <point>
        <x>33.1313</x>
        <y>18.6000</y>
      </point>
      <point>
        <x>33.5354</x>
        <y>18.6000</y>
      </point>
      <point>
        <x>33.9394</x>
        <y>18.6000</y>
      </point>
      <point>
        <x>34.3434</x>
        <y>18.6000</y>
      </point>
      <point>
        <x>34.7475</x>
        <y>18.6000</y>
      </point>
      <point>
        <x>35.1515</x>
        <y>18.6000</y>
      </point>
      <point>
        <x>35.5556</x>
        <y>18.6000</y>
      </point>
      <point>
        <x>35.9596</x>
        <y>18.6000</y>
      </point>
      <point>
        <x>36.3636</x>
        <y>18.6000</y>
      </point>
      <point>
        <x>36.7677</x>
        <y>18.6000</y>
      </point>
      <point>
        <x>37.1717</x>
        <y>18.6000</y>
      </point>
      <point>
        <x>37.5758</x>
        <y>18.6000</y>
      </point>
      <point>
        <x>37.9798</x>
        <y>18.6000</y>
      </point>
      <point>
        <x>38.3838</x>
        <y>18.6000</y>
      </point>
      <point>
        <x>38.7879</x>
        <y>18.6000</y>
      </point>
      <point>
        <x>39.1919</x>
        <y>18.6000</y>
      </point>
      <point>
        <x>39.5960</x>
        <y>18.6000</y>
      </point>
      <point>
        <x>40.0000</x>
        <y>18.6000</y>
      </point>
    </rightBound>
  </lanelet>
  <lanelet id="5">
    <leftBound>
      <point>
        <x>0.9000</x>
        <y>25.2580</y>
      </point>
      <point>
        <x>3.0000</x>
        <y>25.2580</y>
      </point>
      <point>
        <x>4.8000</x>
        <y>25.2580</y>
      </point>
      <point>
        <x>6.3000</x>
        <y>25.2580</y>
      </point>
      <point>
        <x>7.5000</x>
        <y>25.2580</y>
      </point>
      <point>
        <x>8.4000</x>
        <y>25.2580</y>
      </point>
      <point>
        <x>8.9098</x>
        <y>25.2580</y>
      </point>
      <point>
        <x>8.9849</x>
        <y>25.2625</y>
      </point>
      <point>
        <x>9.0747</x>
        <y>25.2661</y>
      </point>
      <point>
        <x>9.1645</x>
        <y>25.2680</y>
      </point>
      <point>
        <x>9.2543</x>
        <y>25.2682</y>
      </point>
      <point>
        <x>9.3441</x>
        <y>25.2666</y>
      </point>
      <point>
        <x>9.4339</x>
        <y>25.2633</y>
      </point>
      <point>
        <x>9.5236</x>
        <y>25.2582</y>
      </point>
      <point>
        <x>9.6131</x>
        <y>25.2514</y>
      </point>
      <point>
        <x>9.7026</x>
        <y>25.2428</y>
      </point>
      <point>
        <x>9.7918</x>
        <y>25.2326</y>
      </point>
      <point>
        <x>9.8809</x>
        <y>25.2206</y>
      </point>
      <point>
        <x>9.9697</x>
        <y>25.2069</y>
      </point>
      <point>
        <x>10.0582</x>
        <y>25.1915</y>
      </point>
      <point>
        <x>10.1465</x>
        <y>25.1745</y>
      </point>
      <point>
        <x>10.2345</x>
        <y>25.1558</y>
      </point>
      <point>
        <x>10.3221</x>
        <y>25.1355</y>
      </point>
      <point>
        <x>10.4093</x>
        <y>25.1136</y>
      </point>
      <point>
        <x>10.4962</x>
        <y>25.0900</y>
      </point>
      <point>
        <x>10.5827</x>
        <y>25.0649</y>
      </point>
      <point>
        <x>10.6688</x>
        <y>25.0382</y>
      </point>
      <point>
        <x>10.7544</x>
        <y>25.0100</y>
      </point>
      <point>
        <x>10.8396</x>
        <y>24.9803</y>
      </point>
      <point>
        <x>10.9244</x>
        <y>24.9491</y>
      </point>
      <point>
        <x>11.0087</x>
        <y>24.9164</y>
      </point>
      <point>
        <x>11.0925</x>
        <y>24.8823</y>
      </point>
      <point>
        <x>11.1758</x>
        <y>24.8467</y>
      </point>
      <point>
        <x>11.2587</x>
        <y>24.8097</y>
      </point>
      <point>
        <x>11.3411</x>
        <y>24.7714</y>
      </point>
      <point>
        <x>11.4229</x>
        <y>24.7316</y>
      </point>
      <point>
        <x>11.5043</x>
        <y>24.6906</y>
      </point>
      <point>
        <x>11.5852</x>
        <y>24.6482</y>
      </point>
      <point>
        <x>11.6657</x>
        <y>24.6044</y>
      </point>
      <point>
        <x>11.7456</x>
        <y>24.5594</y>
      </point>
      <point>
        <x>11.8251</x>
        <y>24.5131</y>
      </point>
      <point>
        <x>11.9040</x>
        <y>24.4656</y>
      </point>
      <point>
        <x>11.9826</x>
        <y>24.4168</y>
      </point>
      <point>
        <x>12.0606</x>
        <y>24.3668</y>
      </point>
      <point>
        <x>12.1382</x>
        <y>24.3155</y>
      </point>
      <point>
        <x>12.2153</x>
        <y>24.2631</y>
      </point>
      <point>
        <x>12.2920</x>
        <y>24.2094</y>
      </point>
      <point>
        <x>12.3682</x>
        <y>24.1546</y>
      </point>
      <point>
        <x>12.4441</x>
        <y>24.0986</y>
      </point>
      <point>
        <x>12.5195</x>
        <y>24.0415</y>
      </point>
      <point>
        <x>12.5944</x>
        <y>23.9832</y>
      </point>
      <point>
        <x>12.6690</x>
        <y>23.9237</y>
      </point>
      <point>
        <x>12.7432</x>
        <y>23.8632</y>
      </point>
      <point>
        <x>12.8170</x>
        <y>23.8015</y>
      </point>
      <point>
        <x>12.8904</x>
        <y>23.7387</y>
      </point>
      <point>
        <x>12.9635</x>
        <y>23.6748</y>
      </point>
      <point>
        <x>13.0362</x>
        <y>23.6098</y>
      </point>
      <point>
        <x>13.1086</x>
        <y>23.5436</y>
      </point>
      <point>
        <x>13.1806</x>
        <y>23.4764</y>
      </point>
      <point>
        <x>13.2523</x>
        <y>23.4081</y>
      </point>
      <point>
        <x>13.3237</x>
        <y>23.3387</y>
      </point>
      <point>
        <x>13.3948</x>
        <y>23.2682</y>
      </point>
      <point>
        <x>13.4655</x>
        <y>23.1967</y>
      </point>
      <point>
        <x>13.5360</x>
        <y>23.1240</y>
      </point>
      <point>
        <x>13.6062</x>
        <y>23.0503</y>
      </point>
      <point>
        <x>13.6761</x>
        <y>22.9756</y>
      </point>
      <point>
        <x>13.7457</x>
        <y>22.8997</y>
      </point>
      <point>
        <x>13.8151</x>
        <y>22.8228</y>
      </point>
      <point>
        <x>13.8843</x>
        <y>22.7448</y>
      </point>
      <point>
        <x>13.9532</x>
        <y>22.6657</y>
      </point>
      <point>
        <x>14.0218</x>
        <y>22.5856</y>
      </point>
      <point>
        <x>14.0902</x>
        <y>22.5044</y>
      </point>
      <point>
        <x>14.1584</x>
        <y>22.4222</y>
      </point>
      <point>
        <x>14.2264</x>
        <y>22.3389</y>
      </point>
      <point>
        <x>14.2942</x>
        <y>22.2545</y>
      </point>
      <point>
        <x>14.3618</x>
        <y>22.1690</y>
      </point>
      <point>
        <x>14.4292</x>
        <y>22.0825</y>
      </point>
      <point>
        <x>14.4964</x>
        <y>21.9949</y>
      </point>
      <point>
        <x>14.5634</x>
        <y>21.9063</y>
      </point>
      <point>
        <x>14.6302</x>
        <y>21.8166</y>
      </point>
      <point>
        <x>14.6969</x>
        <y>21.7258</y>
      </point>
      <point>
        <x>14.7634</x>
        <y>21.6339</y>
      </point>
      <point>
        <x>14.8297</x>
        <y>21.5410</y>
      </point>
      <point>
        <x>14.8959</x>
        <y>21.4470</y>
      </point>
      <point>
        <x>14.9619</x>
        <y>21.3519</y>
      </point>
      <point>
        <x>15.0278</x>
        <y>21.2558</y>
      </point>
      <point>
        <x>15.0936</x>
        <y>21.1586</y>
      </point>
      <point>
        <x>15.1592</x>
        <y>21.0603</y>
      </point>
      <point>
        <x>15.2247</x>
        <y>20.9609</y>
      </point>
      <point>
        <x>15.2900</x>
        <y>20.8605</y>
      </point>
      <point>
        <x>15.3552</x>
        <y>20.7590</y>
      </point>
      <point>
        <x>15.4203</x>
        <y>20.6564</y>
      </point>
      <point>
        <x>15.4853</x>
        <y>20.5527</y>
      </point>
      <point>
        <x>15.5502</x>
        <y>20.4479</y>
      </point>
      <point>
        <x>15.6149</x>
        <y>20.3420</y>
      </point>
      <point>
        <x>15.6796</x>
        <y>20.2351</y>
      </point>
      <point>
        <x>15.7441</x>
        <y>20.1271</y>
      </point>
      <point>
        <x>15.8086</x>
        <y>20.0180</y>
      </point>
      <point>
        <x>15.8729</x>
        <y>19.9078</y>
      </point>
      <point>
        <x>15.9372</x>
        <y>19.7965</y>
      </point>
      <point>
        <x>16.0014</x>
        <y>19.6841</y>
      </point>
      <point>
        <x>16.0654</x>
        <y>19.5706</y>
      </point>
      <point>
        <x>16.1294</x>
        <y>19.4560</y>
      </point>
      <point>
        <x>16.1934</x>
        <y>19.3404</y>
      </point>
      <point>
        <x>16.2572</x>
        <y>19.2236</y>
      </point>
      <point>
        <x>16.3194</x>
        <y>19.1086</y>
      </point>
    </leftBound>
    <rightBound>
      <point>
        <x>0.9000</x>
        <y>22.2634</y>
      </point>
      <point>
        <x>3.0000</x>
        <y>22.2634</y>
      </point>
      <point>
        <x>4.8000</x>
        <y>22.2634</y>
      </point>
      <point>
        <x>6.3000</x>
        <y>22.2634</y>
      </point>
      <point>
        <x>7.5000</x>
        <y>22.2634</y>
      </point>
      <point>
        <x>8.4000</x>
        <y>22.2634</y>
      </point>
      <point>
        <x>9.0902</x>
        <y>22.2634</y>
      </point>
      <point>
        <x>9.1363</x>
        <y>22.2663</y>
      </point>
      <point>
        <x>9.1677</x>
        <y>22.2676</y>
      </point>
      <point>
        <x>9.1992</x>
        <y>22.2682</y>
      </point>
      <point>
        <x>9.2305</x>
        <y>22.2683</y>
      </point>
      <point>
        <x>9.2619</x>
        <y>22.2677</y>
      </point>
      <point>
        <x>9.2934</x>
        <y>22.2666</y>
      </point>
      <point>
        <x>9.3249</x>
        <y>22.2648</y>
      </point>
      <point>
        <x>9.3566</x>
        <y>22.2624</y>
      </point>
      <point>
        <x>9.3883</x>
        <y>22.2593</y>
      </point>
      <point>
        <x>9.4203</x>
        <y>22.2557</y>
      </point>
      <point>
        <x>9.4525</x>
        <y>22.2513</y>
      </point>
      <point>
        <x>9.4849</x>
        <y>22.2463</y>
      </point>
      <point>
        <x>9.5175</x>
        <y>22.2407</y>
      </point>
      <point>
        <x>9.5505</x>
        <y>22.2343</y>
      </point>
      <point>
        <x>9.5837</x>
        <y>22.2272</y>
      </point>
      <point>
        <x>9.6173</x>
        <y>22.2195</y>
      </point>
      <point>
        <x>9.6513</x>
        <y>22.2109</y>
      </point>
      <point>
        <x>9.6856</x>
        <y>22.2016</y>
      </point>
      <point>
        <x>9.7203</x>
        <y>22.1915</y>
      </point>
      <point>
        <x>9.7555</x>
        <y>22.1806</y>
      </point>
      <point>
        <x>9.7910</x>
        <y>22.1689</y>
      </point>
      <point>
        <x>9.8270</x>
        <y>22.1564</y>
      </point>
      <point>
        <x>9.8635</x>
        <y>22.1429</y>
      </point>
      <point>
        <x>9.9004</x>
        <y>22.1286</y>
      </point>
      <point>
        <x>9.9378</x>
        <y>22.1134</y>
      </point>
      <point>
        <x>9.9757</x>
        <y>22.0972</y>
      </point>
      <point>
        <x>10.0140</x>
        <y>22.0801</y>
      </point>
      <point>
        <x>10.0529</x>
        <y>22.0620</y>
      </point>
      <point>
        <x>10.0922</x>
        <y>22.0429</y>
      </point>
      <point>
        <x>10.1320</x>
        <y>22.0228</y>
      </point>
      <point>
        <x>10.1723</x>
        <y>22.0017</y>
      </point>
      <point>
        <x>10.2131</x>
        <y>21.9795</y>
      </point>
      <point>
        <x>10.2544</x>
        <y>21.9563</y>
      </point>
      <point>
        <x>10.2961</x>
        <y>21.9320</y>
      </point>
      <point>
        <x>10.3384</x>
        <y>21.9065</y>
      </point>
      <point>
        <x>10.3811</x>
        <y>21.8800</y>
      </point>
      <point>
        <x>10.4243</x>
        <y>21.8523</y>
      </point>
      <point>
        <x>10.4679</x>
        <y>21.8235</y>
      </point>
      <point>
        <x>10.5120</x>
        <y>21.7935</y>
      </point>
      <point>
        <x>10.5565</x>
        <y>21.7624</y>
      </point>
      <point>
        <x>10.6015</x>
        <y>21.7300</y>
      </point>
      <point>
        <x>10.6469</x>
        <y>21.6965</y>
      </point>
      <point>
        <x>10.6927</x>
        <y>21.6618</y>
      </point>
      <point>
        <x>10.7389</x>
        <y>21.6259</y>
      </point>
      <point>
        <x>10.7855</x>
        <y>21.5887</y>
      </point>
      <point>
        <x>10.8325</x>
        <y>21.5503</y>
      </point>
      <point>
        <x>10.8800</x>
        <y>21.5107</y>
      </point>
      <point>
        <x>10.9277</x>
        <y>21.4698</y>
      </point>
      <point>
        <x>10.9759</x>
        <y>21.4277</y>
      </point>
      <point>
        <x>11.0244</x>
        <y>21.3843</y>
      </point>
      <point>
        <x>11.0732</x>
        <y>21.3397</y>
      </point>
      <point>
        <x>11.1224</x>
        <y>21.2938</y>
      </point>
      <point>
        <x>11.1719</x>
        <y>21.2466</y>
      </point>
      <point>
        <x>11.2218</x>
        <y>21.1982</y>
      </point>
      <point>
        <x>11.2719</x>
        <y>21.1484</y>
      </point>
      <point>
        <x>11.3224</x>
        <y>21.0974</y>
      </point>
      <point>
        <x>11.3731</x>
        <y>21.0451</y>
      </point>
      <point>
        <x>11.4241</x>
        <y>20.9915</y>
      </point>
      <point>
        <x>11.4754</x>
        <y>20.9367</y>
      </point>
      <point>
        <x>11.5270</x>
        <y>20.8805</y>
      </point>
      <point>
        <x>11.5788</x>
        <y>20.8231</y>
      </point>
      <point>
        <x>11.6309</x>
        <y>20.7643</y>
      </point>
      <point>
        <x>11.6832</x>
        <y>20.7043</y>
      </point>
      <point>
        <x>11.7358</x>
        <y>20.6429</y>
      </point>
      <point>
        <x>11.7885</x>
        <y>20.5803</y>
      </point>
      <point>
        <x>11.8416</x>
        <y>20.5164</y>
      </point>
      <point>
        <x>11.8948</x>
        <y>20.4512</y>
      </point>
      <point>
        <x>11.9482</x>
        <y>20.3847</y>
      </point>
      <point>
        <x>12.0018</x>
        <y>20.3168</y>
      </point>
      <point>
        <x>12.0557</x>
        <y>20.2477</y>
      </point>
      <point>
        <x>12.1097</x>
        <y>20.1773</y>
      </point>
      <point>
        <x>12.1639</x>
        <y>20.1056</y>
      </point>
      <point>
        <x>12.2182</x>
        <y>20.0326</y>
      </point>
      <point>
        <x>12.2728</x>
        <y>19.9584</y>
      </point>
      <point>
        <x>12.3275</x>
        <y>19.8828</y>
      </point>
      <point>
        <x>12.3824</x>
        <y>19.8059</y>
      </point>
      <point>
        <x>12.4374</x>
        <y>19.7278</y>
      </point>
      <point>
        <x>12.4926</x>
        <y>19.6483</y>
      </point>
      <point>
        <x>12.5479</x>
        <y>19.5676</y>
      </point>
      <point>
        <x>12.6034</x>
        <y>19.4856</y>
      </point>
      <point>
        <x>12.6590</x>
        <y>19.4023</y>
      </point>
      <point>
        <x>12.7147</x>
        <y>19.3177</y>
      </point>
      <point>
        <x>12.7706</x>
        <y>19.2318</y>
      </point>
      <point>
        <x>12.8266</x>
        <y>19.1446</y>
      </point>
      <point>
        <x>12.8827</x>
        <y>19.0562</y>
      </point>
      <point>
        <x>12.9389</x>
        <y>18.9665</y>
      </point>
      <point>
        <x>12.9953</x>
        <y>18.8755</y>
      </point>
      <point>
        <x>13.0517</x>
        <y>18.7832</y>
      </point>
      <point>
        <x>13.1083</x>
        <y>18.6896</y>
      </point>
      <point>
        <x>13.1650</x>
        <y>18.5948</y>
      </point>
      <point>
        <x>13.2217</x>
        <y>18.4987</y>
      </point>
      <point>
        <x>13.2786</x>
        <y>18.4014</y>
      </point>
      <point>
        <x>13.3355</x>
        <y>18.3027</y>
      </point>
      <point>
        <x>13.3926</x>
        <y>18.2028</y>
      </point>
      <point>
        <x>13.4497</x>
        <y>18.1016</y>
      </point>
      <point>
        <x>13.5069</x>
        <y>17.9992</y>
      </point>
      <point>
        <x>13.5642</x>
        <y>17.8955</y>
      </point>
      <point>
        <x>13.6216</x>
        <y>17.7905</y>
      </point>
      <point>
        <x>13.6806</x>
        <y>17.6814</y>
      </point>
    </rightBound>
  </lanelet>
  <lanelet id="6">
    <leftBound>
      <point>
        <x>40.0000</x>
        <y>18.6000</y>
      </point>
      <point>
        <x>40.5000</x>
        <y>18.6000</y>
      </point>
      <point>
        <x>41.0000</x>
        <y>18.6000</y>
      </point>
      <point>
        <x>41.5000</x>
        <y>18.6000</y>
      </point>
      <point>
        <x>42.0000</x>
        <y>18.6000</y>
      </point>
      <point>
        <x>42.5000</x>
        <y>18.6000</y>
      </point>
      <point>
        <x>43.0000</x>
        <y>18.6000</y>
      </point>
      <point>
        <x>43.5000</x>
        <y>18.6000</y>
      </point>
      <point>
        <x>44.0000</x>
        <y>18.6000</y>
      </point>
      <point>
        <x>44.5000</x>
        <y>18.6000</y>
      </point>
      <point>
        <x>45.0000</x>
        <y>18.6000</y>
      </point>
      <point>
        <x>45.5000</x>
        <y>18.6000</y>
      </point>
      <point>
        <x>46.0000</x>
        <y>18.6000</y>
      </point>
      <point>
        <x>46.5000</x>
        <y>18.6000</y>
      </point>
      <point>
        <x>47.0000</x>
        <y>18.6000</y>
      </point>
      <point>
        <x>47.5000</x>
        <y>18.6000</y>
      </point>
      <point>
        <x>48.0000</x>
        <y>18.6000</y>
      </point>
      <point>
        <x>48.5000</x>
        <y>18.6000</y>
      </point>
      <point>
        <x>49.0000</x>
        <y>18.6000</y>
      </point>
      <point>
        <x>49.5000</x>
        <y>18.6000</y>
      </point>
      <point>
        <x>50.0000</x>
        <y>18.6000</y>
      </point>
      <point>
        <x>50.5000</x>
        <y>18.6000</y>
      </point>
      <point>
        <x>51.0000</x>
        <y>18.6000</y>
      </point>
      <point>
        <x>51.5000</x>
        <y>18.6000</y>
      </point>
      <point>
        <x>52.0000</x>
        <y>18.6000</y>
      </point>
      <point>
        <x>52.5000</x>
        <y>18.6000</y>
      </point>
      <point>
        <x>53.0000</x>
        <y>18.6000</y>
      </point>
      <point>
        <x>53.5000</x>
        <y>18.6000</y>
      </point>
      <point>
        <x>54.0000</x>
        <y>18.6000</y>
      </point>
      <point>
        <x>54.5000</x>
        <y>18.6000</y>
      </point>
    </leftBound>
    <rightBound>
      <point>
        <x>40.0000</x>
        <y>15.6000</y>
      </point>
      <point>
        <x>40.5000</x>
        <y>15.6000</y>
      </point>
      <point>
        <x>41.0000</x>
        <y>15.6000</y>
      </point>
      <point>
        <x>41.5000</x>
        <y>15.6000</y>
      </point>
      <point>
        <x>42.0000</x>
        <y>15.6000</y>
      </point>
      <point>
        <x>42.5000</x>
        <y>15.6000</y>
      </point>
      <point>
        <x>43.0000</x>
        <y>15.6000</y>
      </point>
      <point>
        <x>43.5000</x>
        <y>15.6000</y>
      </point>
      <point>
        <x>44.0000</x>
        <y>15.6000</y>
      </point>
      <point>
        <x>44.5000</x>
        <y>15.6000</y>
      </point>
      <point>
        <x>45.0000</x>
        <y>15.6000</y>
      </point>
      <point>
        <x>45.5000</x>
        <y>15.6000</y>
      </point>
      <point>
        <x>46.0000</x>
        <y>15.6000</y>
      </point>
      <point>
        <x>46.5000</x>
        <y>15.6000</y>
      </point>
      <point>
        <x>47.0000</x>
        <y>15.6000</y>
      </point>
      <point>
        <x>47.5000</x>
        <y>15.6000</y>
      </point>
      <point>
        <x>48.0000</x>
        <y>15.6000</y>
      </point>
      <point>
        <x>48.5000</x>
        <y>15.6000</y>
      </point>
      <point>
        <x>49.0000</x>
        <y>15.6000</y>
      </point>
      <point>
        <x>49.5000</x>
        <y>15.6000</y>
      </point>
      <point>
        <x>50.0000</x>
        <y>15.6000</y>
      </point>
      <point>
        <x>50.5000</x>
        <y>15.6000</y>
      </point>
      <point>
        <x>51.0000</x>
        <y>15.6000</y>
      </point>
      <point>
        <x>51.5000</x>
        <y>15.6000</y>
      </point>
      <point>
        <x>52.0000</x>
        <y>15.6000</y>
      </point>
      <point>
        <x>52.5000</x>
        <y>15.6000</y>
      </point>
      <point>
        <x>53.0000</x>
        <y>15.6000</y>
      </point>
      <point>
        <x>53.5000</x>
        <y>15.6000</y>
      </point>
      <point>
        <x>54.0000</x>
        <y>15.6000</y>
      </point>
      <point>
        <x>54.5000</x>
        <y>15.6000</y>
      </point>
    </rightBound>
    <predecessor ref="3"/>
  </lanelet>
  <lanelet id="7">
    <leftBound>
      <point>
        <x>40.0000</x>
        <y>21.6000</y>
      </point>
      <point>
        <x>40.5000</x>
        <y>21.6000</y>
      </point>
      <point>
        <x>41.0000</x>
        <y>21.6000</y>
      </point>
      <point>
        <x>41.5000</x>
        <y>21.6000</y>
      </point>
      <point>
        <x>42.0000</x>
        <y>21.6000</y>
      </point>
      <point>
        <x>42.5000</x>
        <y>21.6000</y>
      </point>
      <point>
        <x>43.0000</x>
        <y>21.6000</y>
      </point>
      <point>
        <x>43.5000</x>
        <y>21.6000</y>
      </point>
      <point>
        <x>44.0000</x>
        <y>21.6000</y>
      </point>
      <point>
        <x>44.5000</x>
        <y>21.6000</y>
      </point>
      <point>
        <x>45.0000</x>
        <y>21.6000</y>
      </point>
      <point>
        <x>45.5000</x>
        <y>21.6000</y>
      </point>
      <point>
        <x>46.0000</x>
        <y>21.6000</y>
      </point>
      <point>
        <x>46.5000</x>
        <y>21.6000</y>
      </point>
      <point>
        <x>47.0000</x>
        <y>21.6000</y>
      </point>
      <point>
        <x>47.5000</x>
        <y>21.6000</y>
      </point>
      <point>
        <x>48.0000</x>
        <y>21.6000</y>
      </point>
      <point>
        <x>48.5000</x>
        <y>21.6000</y>
      </point>
      <point>
        <x>49.0000</x>
        <y>21.6000</y>
      </point>
      <point>
        <x>49.5000</x>
        <y>21.6000</y>
      </point>
      <point>
        <x>50.0000</x>
        <y>21.6000</y>
      </point>
      <point>
        <x>50.5000</x>
        <y>21.6000</y>
      </point>
      <point>
        <x>51.0000</x>
        <y>21.6000</y>
      </point>
      <point>
        <x>51.5000</x>
        <y>21.6000</y>
      </point>
      <point>
        <x>52.0000</x>
        <y>21.6000</y>
      </point>
      <point>
        <x>52.5000</x>
        <y>21.6000</y>
      </point>
      <point>
        <x>53.0000</x>
        <y>21.6000</y>
      </point>
      <point>
        <x>53.5000</x>
        <y>21.6000</y>
      </point>
      <point>
        <x>54.0000</x>
        <y>21.6000</y>
      </point>
      <point>
        <x>54.5000</x>
        <y>21.6000</y>
      </point>
    </leftBound>
    <rightBound>
      <point>
        <x>40.0000</x>
        <y>18.6000</y>
      </point>
      <point>
        <x>40.5000</x>
        <y>18.6000</y>
      </point>
      <point>
        <x>41.0000</x>
        <y>18.6000</y>
      </point>
      <point>
        <x>41.5000</x>
        <y>18.6000</y>
      </point>
      <point>
        <x>42.0000</x>
        <y>18.6000</y>
      </point>
      <point>
        <x>42.5000</x>
        <y>18.6000</y>
      </point>
      <point>
        <x>43.0000</x>
        <y>18.6000</y>
      </point>
      <point>
        <x>43.5000</x>
        <y>18.6000</y>
      </point>
      <point>
        <x>44.0000</x>
        <y>18.6000</y>
      </point>
      <point>
        <x>44.5000</x>
        <y>18.6000</y>
      </point>
      <point>
        <x>45.0000</x>
        <y>18.6000</y>
      </point>
      <point>
        <x>45.5000</x>
        <y>18.6000</y>
      </point>
      <point>
        <x>46.0000</x>
        <y>18.6000</y>
      </point>
      <point>
        <x>46.5000</x>
        <y>18.6000</y>
      </point>
      <point>
        <x>47.0000</x>
        <y>18.6000</y>
      </point>
      <point>
        <x>47.5000</x>
        <y>18.6000</y>
      </point>
      <point>
        <x>48.0000</x>
        <y>18.6000</y>
      </point>
      <point>
        <x>48.5000</x>
        <y>18.6000</y>
      </point>
      <point>
        <x>49.0000</x>
        <y>18.6000</y>
      </point>
      <point>
        <x>49.5000</x>
        <y>18.6000</y>
      </point>
      <point>
        <x>50.0000</x>
        <y>18.6000</y>
      </point>
      <point>
        <x>50.5000</x>
        <y>18.6000</y>
      </point>
      <point>
        <x>51.0000</x>
        <y>18.6000</y>
      </point>
      <point>
        <x>51.5000</x>
        <y>18.6000</y>
      </point>
      <point>
        <x>52.0000</x>
        <y>18.6000</y>
      </point>
      <point>
        <x>52.5000</x>
        <y>18.6000</y>
      </point>
      <point>
        <x>53.0000</x>
        <y>18.6000</y>
      </point>
      <point>
        <x>53.5000</x>
        <y>18.6000</y>
      </point>
      <point>
        <x>54.0000</x>
        <y>18.6000</y>
      </point>
      <point>
        <x>54.5000</x>
        <y>18.6000</y>
      </point>
    </rightBound>
    <predecessor ref="4"/>
  </lanelet>
  <obstacle id="1">
    <role>dynamic</role>
    <type>bicycle</type>
    <shape>
      <rectangle>
        <length>1.5</length>
        <width>1.0</width>
      </rectangle>
    </shape>
    <initialState>
      <position>
        <point>
          <x>9.3000</x>
          <y>23.6000</y>
        </point>
      </position>
      <orientation>
        <exact>-0.3142</exact>
      </orientation>
      <time>
        <exact>0</exact>
      </time>
      <velocity>
        <exact>3.7000</exact>
      </velocity>
    </initialState>
    <trajectory>
      <state>
        <position>
          <point>
            <x>9.6527</x>
            <y>23.4886</y>
          </point>
        </position>
        <orientation>
          <exact>-0.2801</exact>
        </orientation>
        <time>
          <exact>1</exact>
        </time>
        <velocity>
          <exact>3.6958</exact>
        </velocity>
      </state>
      <state>
        <position>
          <point>
            <x>10.0088</x>
            <y>23.3912</y>
          </point>
        </position>
        <orientation>
          <exact>-0.2655</exact>
        </orientation>
        <time>
          <exact>2</exact>
        </time>
        <velocity>
          <exact>3.6839</exact>
        </velocity>
      </state>
      <state>
        <position>
          <point>
            <x>10.3655</x>
            <y>23.3020</y>
          </point>
        </position>
        <orientation>
          <exact>-0.2763</exact>
        </orientation>
        <time>
          <exact>3</exact>
        </time>
        <velocity>
          <exact>3.6644</exact>
        </velocity>
      </state>
      <state>
        <position>
          <point>
            <x>10.7183</x>
            <y>23.2069</y>
          </point>
        </position>
        <orientation>
          <exact>-0.3126</exact>
        </orientation>
        <time>
          <exact>4</exact>
        </time>
        <velocity>
          <exact>3.6374</exact>
        </velocity>
      </state>
      <state>
        <position>
          <point>
            <x>11.0634</x>
            <y>23.0964</y>
          </point>
        </position>
        <orientation>
          <exact>-0.3678</exact>
        </orientation>
        <time>
          <exact>5</exact>
        </time>
        <velocity>
          <exact>3.6029</exact>
        </velocity>
      </state>
      <state>
        <position>
          <point>
            <x>11.3965</x>
            <y>22.9638</y>
          </point>
        </position>
        <orientation>
          <exact>-0.4296</exact>
        </orientation>
        <time>
          <exact>6</exact>
        </time>
        <velocity>
          <exact>3.5610</exact>
        </velocity>
      </state>
      <state>
        <position>
          <point>
            <x>11.7153</x>
            <y>22.8095</y>
          </point>
        </position>
        <orientation>
          <exact>-0.4908</exact>
        </orientation>
        <time>
          <exact>7</exact>
        </time>
        <velocity>
          <exact>3.5115</exact>
        </velocity>
      </state>
      <state>
        <position>
          <point>
            <x>12.0189</x>
            <y>22.6376</y>
          </point>
        </position>
        <orientation>
          <exact>-0.5501</exact>
        </orientation>
        <time>
          <exact>8</exact>
        </time>
        <velocity>
          <exact>3.4545</exact>
        </velocity>
      </state>
      <state>
        <position>
          <point>
            <x>12.3065</x>
            <y>22.4510</y>
          </point>
        </position>
        <orientation>
          <exact>-0.6066</exact>
        </orientation>
        <time>
          <exact>9</exact>
        </time>
        <velocity>
          <exact>3.3901</exact>
        </velocity>
      </state>
      <state>
        <position>
          <point>
            <x>12.5779</x>
            <y>22.2525</y>
          </point>
        </position>
        <orientation>
          <exact>-0.6590</exact>
        </orientation>
        <time>
          <exact>10</exact>
        </time>
        <velocity>
          <exact>3.3181</exact>
        </velocity>
      </state>
      <state>
        <position>
          <point>
            <x>12.8328</x>
            <y>22.0451</y>
          </point>
        </position>
        <orientation>
          <exact>-0.7077</exact>
        </orientation>
        <time>
          <exact>11</exact>
        </time>
        <velocity>
          <exact>3.2386</exact>
        </velocity>
      </state>
      <state>
        <position>
          <point>
            <x>13.0716</x>
            <y>21.8315</y>
          </point>
        </position>
        <orientation>
          <exact>-0.7522</exact>
        </orientation>
        <time>
          <exact>12</exact>
        </time>
        <velocity>
          <exact>3.1517</exact>
        </velocity>
      </state>
      <state>
        <position>
          <point>
            <x>13.2946</x>
            <y>21.6141</y>
          </point>
        </position>
        <orientation>
          <exact>-0.7926</exact>
        </orientation>
        <time>
          <exact>13</exact>
        </time>
        <velocity>
          <exact>3.0572</exact>
        </velocity>
      </state>
      <state>
        <position>
          <point>
            <x>13.5023</x>
            <y>21.3953</y>
          </point>
        </position>
        <orientation>
          <exact>-0.8287</exact>
        </orientation>
        <time>
          <exact>14</exact>
        </time>
        <velocity>
          <exact>2.9552</exact>
        </velocity>
      </state>
      <state>
        <position>
          <point>
            <x>13.6954</x>
            <y>21.1773</y>
          </point>
        </position>
        <orientation>
          <exact>-0.8616</exact>
        </orientation>
        <time>
          <exact>15</exact>
        </time>
        <velocity>
          <exact>2.8457</exact>
        </velocity>
      </state>
      <state>
        <position>
          <point>
            <x>13.8744</x>
            <y>20.9621</y>
          </point>
        </position>
        <orientation>
          <exact>-0.8905</exact>
        </orientation>
        <time>
          <exact>16</exact>
        </time>
        <velocity>
          <exact>2.7288</exact>
        </velocity>
      </state>
      <state>
        <position>
          <point>
            <x>14.0400</x>
            <y>20.7514</y>
          </point>
        </position>
        <orientation>
          <exact>-0.9183</exact>
        </orientation>
        <time>
          <exact>17</exact>
        </time>
        <velocity>
          <exact>2.6043</exact>
        </velocity>
      </state>
      <state>
        <position>
          <point>
            <x>14.1927</x>
            <y>20.5470</y>
          </point>
        </position>
        <orientation>
          <exact>-0.9340</exact>
        </orientation>
        <time>
          <exact>18</exact>
        </time>
        <velocity>
          <exact>2.4723</exact>
        </velocity>
      </state>
      <state>
        <position>
          <point>
            <x>14.3327</x>
            <y>20.3500</y>
          </point>
        </position>
        <orientation>
          <exact>-1.0205</exact>
        </orientation>
        <time>
          <exact>19</exact>
        </time>
        <velocity>
          <exact>2.3329</exact>
        </velocity>
      </state>
      <state>
        <position>
          <point>
            <x>14.4626</x>
            <y>20.1634</y>
          </point>
        </position>
        <orientation>
          <exact>-1.0638</exact>
        </orientation>
        <time>
          <exact>20</exact>
        </time>
        <velocity>
          <exact>2.1859</exact>
        </velocity>
      </state>
      <state>
        <position>
          <point>
            <x>14.5460</x>
            <y>19.9953</y>
          </point>
        </position>
        <orientation>
          <exact>-1.0854</exact>
        </orientation>
        <time>
          <exact>21</exact>
        </time>
        <velocity>
          <exact>2.0314</exact>
        </velocity>
      </state>
      <state>
        <position>
          <point>
            <x>14.5797</x>
            <y>20.0179</y>
          </point>
        </position>
        <orientation>
          <exact>-1.0963</exact>
        </orientation>
        <time>
          <exact>22</exact>
        </time>
        <velocity>
          <exact>0.0000</exact>
        </velocity>
      </state>
      <state>
        <position>
          <point>
            <x>14.5797</x>
            <y>20.0179</y>
          </point>
        </position>
        <orientation>
          <exact>-1.1017</exact>
        </orientation>
        <time>
          <exact>23</exact>
        </time>
        <velocity>
          <exact>0.0000</exact>
        </velocity>
      </state>
      <state>
        <position>
          <point>
            <x>14.5797</x>
            <y>20.0179</y>
          </point>
        </position>
        <orientation>
          <exact>-1.1044</exact>
        </orientation>
        <time>
          <exact>24</exact>
        </time>
        <velocity>
          <exact>0.0000</exact>
        </velocity>
      </state>
      <state>
        <position>
          <point>
            <x>14.5797</x>
            <y>20.0179</y>
          </point>
        </position>
        <orientation>
          <exact>-1.1057</exact>
        </orientation>
        <time>
          <exact>25</exact>
        </time>
        <velocity>
          <exact>0.0000</exact>
        </velocity>
      </state>
      <state>
        <position>
          <point>
            <x>14.5797</x>
            <y>20.0179</y>
          </point>
        </position>
        <orientation>
          <exact>-1.1064</exact>
        </orientation>
        <time>
          <exact>26</exact>
        </time>
        <velocity>
          <exact>0.0000</exact>
        </velocity>
      </state>
      <state>
        <position>
          <point>
            <x>14.5797</x>
            <y>20.0179</y>
          </point>
        </position>
        <orientation>
          <exact>-1.1067</exact>
        </orientation>
        <time>
          <exact>27</exact>
        </time>
        <velocity>
          <exact>0.0000</exact>
        </velocity>
      </state>
      <state>
        <position>
          <point>
            <x>14.5797</x>
            <y>20.0179</y>
          </point>
        </position>
        <orientation>
          <exact>-1.1069</exact>
        </orientation>
        <time>
          <exact>28</exact>
        </time>
        <velocity>
          <exact>0.0000</exact>
        </velocity>
      </state>
      <state>
        <position>
          <point>
            <x>14.5797</x>
            <y>20.0179</y>
          </point>
        </position>
        <orientation>
          <exact>-1.1070</exact>
        </orientation>
        <time>
          <exact>29</exact>
        </time>
        <velocity>
          <exact>0.0000</exact>
        </velocity>
      </state>
      <state>
        <position>
          <point>
            <x>14.5797</x>
            <y>20.0179</y>
          </point>
        </position>
        <orientation>
          <exact>-1.1071</exact>
        </orientation>
        <time>
          <exact>30</exact>
        </time>
        <velocity>
          <exact>0.0000</exact>
        </velocity>
      </state>
    </trajectory>
  </obstacle>
  <obstacle id="2">
    <role>dynamic</role>
    <type>car</type>
    <shape>
      <rectangle>
        <length>2.8</length>
        <width>1.6</width>
      </rectangle>
    </shape>
    <initialState>
      <position>
        <point>
          <x>20.0000</x>
          <y>17.1000</y>
        </point>
      </position>
      <orientation>
        <exact>0.0000</exact>
      </orientation>
      <time>
        <exact>0</exact>
      </time>
      <velocity>
        <exact>10.0000</exact>
      </velocity>
    </initialState>
    <trajectory>
      <state>
        <position>
          <point>
            <x>21.0000</x>
            <y>17.1000</y>
          </point>
        </position>
        <orientation>
          <exact>0.0000</exact>
        </orientation>
        <time>
          <exact>1</exact>
        </time>
        <velocity>
          <exact>10.0000</exact>
        </velocity>
      </state>
      <state>
        <position>
          <point>
            <x>22.0000</x>
            <y>17.1000</y>
          </point>
        </position>
        <orientation>
          <exact>0.0000</exact>
        </orientation>
        <time>
          <exact>2</exact>
        </time>
        <velocity>
          <exact>10.0000</exact>
        </velocity>
      </state>
      <state>
        <position>
          <point>
            <x>23.0000</x>
            <y>17.1000</y>
          </point>
        </position>
        <orientation>
          <exact>0.0000</exact>
        </orientation>
        <time>
          <exact>3</exact>
        </time>
        <velocity>
          <exact>10.0000</exact>
        </velocity>
      </state>
      <state>
        <position>
          <point>
            <x>24.0000</x>
            <y>17.1000</y>
          </point>
        </position>
        <orientation>
          <exact>0.0000</exact>
        </orientation>
        <time>
          <exact>4</exact>
        </time>
        <velocity>
          <exact>10.0000</exact>
        </velocity>
      </state>
      <state>
        <position>
          <point>
            <x>25.0000</x>
            <y>17.1000</y>
          </point>
        </position>
        <orientation>
          <exact>0.0000</exact>
        </orientation>
        <time>
          <exact>5</exact>
        </time>
        <velocity>
          <exact>10.0000</exact>
        </velocity>
      </state>
      <state>
        <position>
          <point>
            <x>26.0000</x>
            <y>17.1000</y>
          </point>
        </position>
        <orientation>
          <exact>0.0000</exact>
        </orientation>
        <time>
          <exact>6</exact>
        </time>
        <velocity>
          <exact>10.0000</exact>
        </velocity>
      </state>
      <state>
        <position>
          <point>
            <x>27.0000</x>
            <y>17.1000</y>
          </point>
        </position>
        <orientation>
          <exact>0.0000</exact>
        </orientation>
        <time>
          <exact>7</exact>
        </time>
        <velocity>
          <exact>10.0000</exact>
        </velocity>
      </state>
      <state>
        <position>
          <point>
            <x>28.0000</x>
            <y>17.1000</y>
          </point>
        </position>
        <orientation>
          <exact>0.0000</exact>
        </orientation>
        <time>
          <exact>8</exact>
        </time>
        <velocity>
          <exact>10.0000</exact>
        </velocity>
      </state>
      <state>
        <position>
          <point>
            <x>29.0000</x>
            <y>17.1000</y>
          </point>
        </position>
        <orientation>
          <exact>0.0000</exact>
        </orientation>
        <time>
          <exact>9</exact>
        </time>
        <velocity>
          <exact>10.0000</exact>
        </velocity>
      </state>
      <state>
        <position>
          <point>
            <x>30.0000</x>
            <y>17.1000</y>
          </point>
        </position>
        <orientation>
          <exact>0.0000</exact>
        </orientation>
        <time>
          <exact>10</exact>
        </time>
        <velocity>
          <exact>10.0000</exact>
        </velocity>
      </state>
      <state>
        <position>
          <point>
            <x>31.0000</x>
            <y>17.1000</y>
          </point>
        </position>
        <orientation>
          <exact>0.0000</exact>
        </orientation>
        <time>
          <exact>11</exact>
        </time>
        <velocity>
          <exact>10.0000</exact>
        </velocity>
      </state>
      <state>
        <position>
          <point>
            <x>32.0000</x>
            <y>17.1000</y>
          </point>
        </position>
        <orientation>
          <exact>0.0000</exact>
        </orientation>
        <time>
          <exact>12</exact>
        </time>
        <velocity>
          <exact>10.0000</exact>
        </velocity>
      </state>
      <state>
        <position>
          <point>
            <x>33.0000</x>
            <y>17.1000</y>
          </point>
        </position>
        <orientation>
          <exact>0.0000</exact>
        </orientation>
        <time>
          <exact>13</exact>
        </time>
        <velocity>
          <exact>10.0000</exact>
        </velocity>
      </state>
      <state>
        <position>
          <point>
            <x>34.0000</x>
            <y>17.1000</y>
          </point>
        </position>
        <orientation>
          <exact>0.0000</exact>
        </orientation>
        <time>
          <exact>14</exact>
        </time>
        <velocity>
          <exact>10.0000</exact>
        </velocity>
      </state>
      <state>
        <position>
          <point>
            <x>35.0000</x>
            <y>17.1000</y>
          </point>
        </position>
        <orientation>
          <exact>0.0000</exact>
        </orientation>
        <time>
          <exact>15</exact>
        </time>
        <velocity>
          <exact>10.0000</exact>
        </velocity>
      </state>
      <state>
        <position>
          <point>
            <x>36.0000</x>
            <y>17.1000</y>
          </point>
        </position>
        <orientation>
          <exact>0.0000</exact>
        </orientation>
        <time>
          <exact>16</exact>
        </time>
        <velocity>
          <exact>10.0000</exact>
        </velocity>
      </state>
      <state>
        <position>
          <point>
            <x>37.0000</x>
            <y>17.1000</y>
          </point>
        </position>
        <orientation>
          <exact>0.0000</exact>
        </orientation>
        <time>
          <exact>17</exact>
        </time>
        <velocity>
          <exact>10.0000</exact>
        </velocity>
      </state>
      <state>
        <position>
          <point>
            <x>38.0000</x>
            <y>17.1000</y>
          </point>
        </position>
        <orientation>
          <exact>0.0000</exact>
        </orientation>
        <time>
          <exact>18</exact>
        </time>
        <velocity>
          <exact>10.0000</exact>
        </velocity>
      </state>
      <state>
        <position>
          <point>
            <x>39.0000</x>
            <y>17.1000</y>
          </point>
        </position>
        <orientation>
          <exact>0.0000</exact>
        </orientation>
        <time>
          <exact>19</exact>
        </time>
        <velocity>
          <exact>10.0000</exact>
        </velocity>
      </state>
      <state>
        <position>
          <point>
            <x>40.0000</x>
            <y>17.1000</y>
          </point>
        </position>
        <orientation>
          <exact>0.0000</exact>
        </orientation>
        <time>
          <exact>20</exact>
        </time>
        <velocity>
          <exact>10.0000</exact>
        </velocity>
      </state>
      <state>
        <position>
          <point>
            <x>41.0000</x>
            <y>17.1000</y>
          </point>
        </position>
        <orientation>
          <exact>0.0000</exact>
        </orientation>
        <time>
          <exact>21</exact>
        </time>
        <velocity>
          <exact>10.0000</exact>
        </velocity>
      </state>
      <state>
        <position>
          <point>
            <x>42.0000</x>
            <y>17.1000</y>
          </point>
        </position>
        <orientation>
          <exact>0.0000</exact>
        </orientation>
        <time>
          <exact>22</exact>
        </time>
        <velocity>
          <exact>10.0000</exact>
        </velocity>
      </state>
      <state>
        <position>
          <point>
            <x>43.0000</x>
            <y>17.1000</y>
          </point>
        </position>
        <orientation>
          <exact>0.0000</exact>
        </orientation>
        <time>
          <exact>23</exact>
        </time>
        <velocity>
          <exact>10.0000</exact>
        </velocity>
      </state>
      <state>
        <position>
          <point>
            <x>44.0000</x>
            <y>17.1000</y>
          </point>
        </position>
        <orientation>
          <exact>0.0000</exact>
        </orientation>
        <time>
          <exact>24</exact>
        </time>
        <velocity>
          <exact>10.0000</exact>
        </velocity>
      </state>
      <state>
        <position>
          <point>
            <x>45.0000</x>
            <y>17.1000</y>
          </point>
        </position>
        <orientation>
          <exact>0.0000</exact>
        </orientation>
        <time>
          <exact>25</exact>
        </time>
        <velocity>
          <exact>10.0000</exact>
        </velocity>
      </state>
      <state>
        <position>
          <point>
            <x>46.0000</x>
            <y>17.1000</y>
          </point>
        </position>
        <orientation>
          <exact>0.0000</exact>
        </orientation>
        <time>
          <exact>26</exact>
        </time>
        <velocity>
          <exact>10.0000</exact>
        </velocity>
      </state>
      <state>
        <position>
          <point>
            <x>47.0000</x>
            <y>17.1000</y>
          </point>
        </position>
        <orientation>
          <exact>0.0000</exact>
        </orientation>
        <time>
          <exact>27</exact>
        </time>
        <velocity>
          <exact>10.0000</exact>
        </velocity>
      </state>
      <state>
        <position>
          <point>
            <x>48.0000</x>
            <y>17.1000</y>
          </point>
        </position>
        <orientation>
          <exact>0.0000</exact>
        </orientation>
        <time>
          <exact>28</exact>
        </time>
        <velocity>
          <exact>10.0000</exact>
        </velocity>
      </state>
      <state>
        <position>
          <point>
            <x>49.0000</x>
            <y>17.1000</y>
          </point>
        </position>
        <orientation>
          <exact>0.0000</exact>
        </orientation>
        <time>
          <exact>29</exact>
        </time>
        <velocity>
          <exact>10.0000</exact>
        </velocity>
      </state>
      <state>
        <position>
          <point>
            <x>50.0000</x>
            <y>17.1000</y>
          </point>
        </position>
        <orientation>
          <exact>0.0000</exact>
        </orientation>
        <time>
          <exact>30</exact>
        </time>
        <velocity>
          <exact>10.0000</exact>
        </velocity>
      </state>
    </trajectory>
  </obstacle>
  <planningProblem id="8">
    <initialState>
      <position>
        <point>
          <x>2.5000</x>
          <y>20.0000</y>
        </point>
      </position>
      <orientation>
        <exact>0.0000</exact>
      </orientation>
      <time>
        <exact>0</exact>
      </time>
      <velocity>
        <exact>12.7500</exact>
      </velocity>
      <yawRate>
        <exact>0.0091</exact>
      </yawRate>
      <slipAngle>
        <exact>0.0000</exact>
      </slipAngle>
    </initialState>
    <goalState>
      <position>
        <rectangle>
          <length>24.0</length>
          <width>3.0</width>
          <orientation>0.0</orientation>
          <center>
            <x>22.0</x>
            <y>20.0</y>
          </center>
        </rectangle>
      </position>
      <orientation>
        <intervalStart>-0.3927</intervalStart>
        <intervalEnd>0.3927</intervalEnd>
      </orientation>
      <time>
        <intervalStart>20</intervalStart>
        <intervalEnd>31</intervalEnd>
      </time>
      <velocity>
        <intervalStart>5.0000</intervalStart>
        <intervalEnd>15.0000</intervalEnd>
      </velocity>
    </goalState>
  </planningProblem>
</commonRoad>
